"taxon","dlc_id","hybrid","sex","name","current_resident","stud_book","dob","birth_month","estimated_dob","birth_type","birth_institution","litter_size","expected_gestation","estimated_concep","concep_month","dam_id","dam_name","dam_taxon","dam_dob","dam_age_at_concep_y","sire_id","sire_name","sire_taxon","sire_dob","sire_age_at_concep_y","dod","age_at_death_y","age_of_living_y","age_last_verified_y","age_max_live_or_dead_y","n_known_offspring","dob_estimated","weight_g","weight_date","month_of_weight","age_at_wt_d","age_at_wt_wk","age_at_wt_mo","age_at_wt_mo_no_dec","age_at_wt_y","change_since_prev_wt_g","days_since_prev_wt","avg_daily_wt_change_g","days_before_death","r_min_dam_age_at_concep_y","age_category","preg_status","expected_gestation_d","concep_date_if_preg","infant_dob_if_preg","days_before_inf_birth_if_preg","pct_preg_remain_if_preg","infant_lit_sz_if_preg","weight_g_last","age_at_wt_mo_last"
"VRUB","3569","N","M","JUPITER","N","29",1978-04-21,4,NA,"CB","Duke Lemur Center",3,103,1978-01-08,1,"524","SATURNA","VRUB",1959-10-01,18.28,"3530","TELLUS","VRUB",1975-05-17,2.65,1996-10-06,18.47,NA,NA,18.47,6,NA,98,1978-04-21,4,0,0,0,0,0,NA,NA,NA,6743,1.65,"IJ","NP",NA,NA,NA,NA,NA,NA,3430,173.39
"VRUB","3570","N","F","TERRA","N","31",1978-04-21,4,NA,"CB","Duke Lemur Center",3,103,1978-01-08,1,"524","SATURNA","VRUB",1959-10-01,18.28,"3530","TELLUS","VRUB",1975-05-17,2.65,1994-01-19,15.76,NA,NA,15.76,NA,NA,67,1978-04-22,4,1,0.14,0.03,0,0,NA,NA,NA,5751,1.65,"IJ","NP",NA,NA,NA,NA,NA,NA,2885,8.28
"VRUB","3571","N","M","HADES","N","30",1978-04-21,4,NA,"CB","Duke Lemur Center",3,103,1978-01-08,1,"524","SATURNA","VRUB",1959-10-01,18.28,"3530","TELLUS","VRUB",1975-05-17,2.65,1988-09-27,10.44,NA,NA,10.44,3,NA,87,1978-04-22,4,1,0.14,0.03,0,0,NA,NA,NA,3811,1.65,"IJ","NP",NA,NA,NA,NA,NA,NA,2875,8.28
"VRUB","4575","N","F","VENUS II","N","42",1979-05-01,5,NA,"CB","Duke Lemur Center",1,103,1979-01-18,1,"524","SATURNA","VRUB",1959-10-01,19.31,"3530","TELLUS","VRUB",1975-05-17,3.68,2000-11-26,21.59,NA,NA,21.59,13,NA,122,1979-05-02,5,1,0.14,0.03,0,0,NA,NA,NA,7879,1.65,"IJ","NP",NA,NA,NA,NA,NA,NA,4240,103.23
"VRUB","5538","N","M","NEPTUNE","N","43",1980-05-04,5,NA,"CB","Duke Lemur Center",2,103,1980-01-22,1,"524","SATURNA","VRUB",1959-10-01,20.32,"3530","TELLUS","VRUB",1975-05-17,4.69,2003-08-25,23.32,NA,NA,23.32,NA,NA,100,1980-05-04,5,0,0,0,0,0,NA,NA,NA,8513,1.65,"IJ","NP",NA,NA,NA,NA,NA,NA,3385,20.52
"VRUB","5539","N","F","DIANA","N","44",1980-05-04,5,NA,"CB","Duke Lemur Center",2,103,1980-01-22,1,"524","SATURNA","VRUB",1959-10-01,20.32,"3530","TELLUS","VRUB",1975-05-17,4.69,2005-02-17,24.81,NA,NA,24.81,6,NA,87,1980-05-04,5,0,0,0,0,0,NA,NA,NA,9055,1.65,"IJ","NP",NA,NA,NA,NA,NA,NA,3169,90.28
"VRUB","5587","N","F","CYNTHIA","N","57",1981-03-30,3,NA,"CB","Duke Lemur Center",2,103,1980-12-17,12,"524","SATURNA","VRUB",1959-10-01,21.23,"4590","SATURN","VRUB",1960-10-01,20.22,2016-04-28,35.1,NA,NA,35.1,17,NA,90,1981-04-03,4,4,0.57,0.13,0,0.01,NA,NA,NA,12809,1.65,"IJ","NP",NA,NA,NA,NA,NA,NA,3040,297.47
"VRUB","5629","N","M","PHOENIX","N","61",1981-05-19,5,NA,"CB","Duke Lemur Center",3,103,1981-02-05,2,"544","PERSEPHONE","VRUB",1968-04-28,12.78,"3530","TELLUS","VRUB",1975-05-17,5.73,2003-05-14,22,NA,NA,22,15,NA,804,1981-07-08,7,50,7.14,1.64,1,0.14,NA,NA,NA,7980,1.65,"IJ","NP",NA,NA,NA,NA,NA,NA,3800,198.58
"VRUB","5630","N","F","HIMALIA","N","62",1981-05-19,5,NA,"CB","Duke Lemur Center",3,103,1981-02-05,2,"544","PERSEPHONE","VRUB",1968-04-28,12.78,"3530","TELLUS","VRUB",1975-05-17,5.73,1992-04-29,10.95,NA,NA,10.95,20,NA,749,1981-07-08,7,50,7.14,1.64,1,0.14,NA,NA,NA,3948,1.65,"IJ","NP",NA,NA,NA,NA,NA,NA,4310,128.91
"VRUB","5631","N","F","LYSITHEA","N","63",1981-05-19,5,NA,"CB","Duke Lemur Center",3,103,1981-02-05,2,"544","PERSEPHONE","VRUB",1968-04-28,12.78,"3530","TELLUS","VRUB",1975-05-17,5.73,1982-10-11,1.4,NA,NA,1.4,NA,NA,704,1981-07-08,7,50,7.14,1.64,1,0.14,NA,NA,NA,460,1.65,"IJ","NP",NA,NA,NA,NA,NA,NA,2733,10.52
"VRUB","5689","N","M","VENERIUS","N","72",1982-05-02,5,NA,"CB","Duke Lemur Center",3,103,1982-01-19,1,"4575","VENUS II","VRUB",1979-05-01,2.72,"5560","PLUTO III","VRUB",1977-05-28,4.65,1996-03-07,13.86,NA,NA,13.86,NA,NA,2847,1983-08-30,8,485,69.29,15.95,15,1.33,NA,NA,NA,4573,1.65,"IJ","NP",NA,NA,NA,NA,NA,NA,3123,16.37
"VRUB","5691","N","F","VENUTIA","N","74",1982-05-02,5,NA,"CB","Duke Lemur Center",3,103,1982-01-19,1,"4575","VENUS II","VRUB",1979-05-01,2.72,"5560","PLUTO III","VRUB",1977-05-28,4.65,2003-10-18,21.48,NA,NA,21.48,NA,NA,2261,1983-09-15,9,501,71.57,16.47,16,1.37,NA,NA,NA,7338,1.65,"IJ","NP",NA,NA,NA,NA,NA,NA,2791,17.06
"VRUB","5697","N","M","PERSEPHONE-A","N","79",1982-05-08,5,NA,"CB","Duke Lemur Center",3,103,1982-01-25,1,"544","PERSEPHONE","VRUB",1968-04-28,13.75,"5560","PLUTO III","VRUB",1977-05-28,4.67,1982-05-09,0,NA,NA,0,NA,NA,94,1982-05-08,5,0,0,0,0,0,NA,NA,NA,1,1.65,"IJ","NP",NA,NA,NA,NA,NA,NA,94,0
"VRUB","5698","N","M","HERMES","N","80",1982-05-08,5,NA,"CB","Duke Lemur Center",3,103,1982-01-25,1,"544","PERSEPHONE","VRUB",1968-04-28,13.75,"5560","PLUTO III","VRUB",1977-05-28,4.67,2001-05-01,18.99,NA,NA,18.99,10,NA,122,1982-05-08,5,0,0,0,0,0,NA,NA,NA,6933,1.65,"IJ","NP",NA,NA,NA,NA,NA,NA,4310,119.54
"VRUB","5699","N","F","PLUTONIA","N","81",1982-05-08,5,NA,"CB","Duke Lemur Center",3,103,1982-01-25,1,"544","PERSEPHONE","VRUB",1968-04-28,13.75,"5560","PLUTO III","VRUB",1977-05-28,4.67,1988-02-05,5.75,NA,NA,5.75,3,NA,94.5,1982-05-08,5,0,0,0,0,0,NA,NA,NA,2099,1.65,"IJ","NP",NA,NA,NA,NA,NA,NA,3396,67.33
"EMON","5721","N","F","EVITA","N","60",1981-10-01,10,"M","WB","Comoros /",NA,127,1981-05-27,5,"WILD",NA,NA,NA,NA,"WILD",NA,NA,NA,NA,1996-08-22,14.9,NA,NA,14.9,5,"M",1275.5,1983-07-27,7,664,94.86,21.83,21,1.82,0,42,0,4775,1.76,"young_adult","NP",NA,NA,NA,NA,NA,NA,1700,146.53
"EMON","5722","N","M","Sancho","N","64",1982-10-01,10,"D","WB","Comoros /",NA,127,1982-05-27,5,"5717","ESPERANZA","EMON",1977-10-01,4.65,"5716","PABLO","EMON",1977-10-01,4.65,2012-12-14,30.22,NA,NA,30.22,9,"D",1520,1984-08-10,8,679,97,22.32,22,1.86,86,46,1.87,10353,1.76,"young_adult","NP",NA,NA,NA,NA,NA,NA,1460,362.2
"EMON","5724","N","F","ELENA","N","66",1982-10-01,10,"D","WB","Comoros /",NA,127,1982-05-27,5,"5715","ISABELLA","EMON",1978-10-01,3.65,"5714","FERDINAND","EMON",1978-10-01,3.65,1995-02-22,12.4,NA,NA,12.4,9,"D",1066,1984-08-10,8,679,97,22.32,22,1.86,-232,46,-5.04,3848,1.76,"young_adult","NP",NA,NA,NA,NA,NA,NA,1170,146.3
"VRUB","5768","N","M","CASTOR","N","91",1983-04-16,4,NA,"CB","Duke Lemur Center",2,103,1983-01-03,1,"544","PERSEPHONE","VRUB",1968-04-28,14.69,"3530","TELLUS","VRUB",1975-05-17,7.64,2004-08-07,21.33,NA,NA,21.33,8,NA,2310,1983-08-23,8,129,18.43,4.24,4,0.35,NA,NA,NA,7655,1.65,"IJ","NP",NA,NA,NA,NA,NA,NA,3180,227.47
"VRUB","5769","N","M","POLLUX","N","92",1983-04-16,4,NA,"CB","Duke Lemur Center",2,103,1983-01-03,1,"544","PERSEPHONE","VRUB",1968-04-28,14.69,"3530","TELLUS","VRUB",1975-05-17,7.64,1999-05-25,16.12,NA,NA,16.12,3,NA,2383,1983-08-23,8,129,18.43,4.24,4,0.35,NA,NA,NA,5754,1.65,"IJ","NP",NA,NA,NA,NA,NA,NA,3781,39.09
"VRUB","5784","N","M","ARCTURUS","N","98",1983-04-26,4,NA,"CB","Duke Lemur Center",1,103,1983-01-13,1,"5630","HIMALIA","VRUB",1981-05-19,1.65,"3530","TELLUS","VRUB",1975-05-17,7.67,2005-08-12,22.31,NA,NA,22.31,NA,NA,277,1983-05-10,5,14,2,0.46,0,0.04,NA,NA,NA,8130,1.65,"IJ","NP",NA,NA,NA,NA,NA,NA,2524,13.22
"VRUB","5790","N","M","JOVE","N","99",1983-04-27,4,NA,"CB","Duke Lemur Center",1,103,1983-01-14,1,"5587","CYNTHIA","VRUB",1981-03-30,1.79,"3569","JUPITER","VRUB",1978-04-21,4.74,2009-01-30,25.78,NA,NA,25.78,10,NA,282,1983-05-10,5,13,1.86,0.43,0,0.04,NA,NA,NA,9397,1.65,"IJ","NP",NA,NA,NA,NA,NA,NA,3260,119.87
"VRUB","5791","N","M","GEOS","N","100",1983-04-27,4,NA,"CB","Duke Lemur Center",2,103,1983-01-14,1,"5539","DIANA","VRUB",1980-05-04,2.7,"5560","PLUTO III","VRUB",1977-05-28,5.64,1989-07-09,6.21,NA,NA,6.21,NA,NA,235,1983-05-10,5,13,1.86,0.43,0,0.04,NA,NA,NA,2252,1.65,"IJ","NP",NA,NA,NA,NA,NA,NA,3936,23.64
"VRUB","5792","N","F","GE","N","101",1983-04-27,4,NA,"CB","Duke Lemur Center",2,103,1983-01-14,1,"5539","DIANA","VRUB",1980-05-04,2.7,"5560","PLUTO III","VRUB",1977-05-28,5.64,2013-04-04,29.96,NA,NA,29.96,NA,NA,236,1983-05-10,5,13,1.86,0.43,0,0.04,NA,NA,NA,10922,1.65,"IJ","NP",NA,NA,NA,NA,NA,NA,2887,23.64
"EMON","5826","N","M","LUZ","N","67",1983-11-17,11,NA,"CB","Duke Lemur Center",1,127,1983-07-13,7,"5715","ISABELLA","EMON",1978-10-01,4.78,"5714","FERDINAND","EMON",1978-10-01,4.78,2017-07-14,33.68,NA,NA,33.68,NA,NA,258,1984-01-10,1,54,7.71,1.78,1,0.15,NA,NA,NA,12239,1.76,"IJ","NP",NA,NA,NA,NA,NA,NA,1420,272.22
"VRUB","5874","N","F","SATURNILLA","N","118",1984-04-06,4,NA,"CB","Duke Lemur Center",1,103,1983-12-25,12,"524","SATURNA","VRUB",1959-10-01,24.25,"3569","JUPITER","VRUB",1978-04-21,5.68,1989-07-26,5.31,NA,NA,5.31,3,NA,1807,1985-02-20,2,320,45.71,10.52,10,0.88,NA,NA,NA,1617,1.65,"IJ","NP",NA,NA,NA,NA,NA,NA,2442,63.52
"EMON","5879","N","F","CHIQUITA","N","69",1984-04-12,4,NA,"CB","Duke Lemur Center",1,127,1983-12-07,12,"5721","EVITA","EMON",1981-10-01,2.18,"5720","JUAN","EMON",1978-10-01,5.19,1995-12-24,11.71,NA,NA,11.71,6,NA,171.5,1984-05-18,5,36,5.14,1.18,1,0.1,NA,NA,NA,4237,1.76,"IJ","NP",NA,NA,NA,NA,NA,NA,1580,115.46
"VRUB","5888","N","F","NERIED","N","124",1984-04-22,4,NA,"CB","Duke Lemur Center",3,103,1984-01-10,1,"5630","HIMALIA","VRUB",1981-05-19,2.65,"3530","TELLUS","VRUB",1975-05-17,8.66,1994-10-26,10.52,NA,NA,10.52,NA,NA,406,1984-06-06,6,45,6.43,1.48,1,0.12,NA,NA,NA,3794,1.65,"IJ","NP",NA,NA,NA,NA,NA,NA,1153,3.02
"VRUB","5889","N","F","NEPTUNIA","N","125",1984-04-22,4,NA,"CB","Duke Lemur Center",3,103,1984-01-10,1,"5630","HIMALIA","VRUB",1981-05-19,2.65,"3530","TELLUS","VRUB",1975-05-17,8.66,1994-06-01,10.12,NA,NA,10.12,NA,NA,409,1984-06-06,6,45,6.43,1.48,1,0.12,NA,NA,NA,3647,1.65,"IJ","NP",NA,NA,NA,NA,NA,NA,3087,13.25
"VRUB","5899","N","M","CETUS","N","141",1984-04-29,4,NA,"CB","Duke Lemur Center",2,103,1984-01-17,1,"5587","CYNTHIA","VRUB",1981-03-30,2.8,"3569","JUPITER","VRUB",1978-04-21,5.75,2010-04-19,25.99,NA,NA,25.99,NA,NA,2219,1985-04-19,4,355,50.71,11.67,11,0.97,NA,NA,NA,9131,1.65,"IJ","NP",NA,NA,NA,NA,NA,NA,2792,30.77
"VRUB","5900","N","F","CARME","N","142",1984-04-29,4,NA,"CB","Duke Lemur Center",2,103,1984-01-17,1,"5587","CYNTHIA","VRUB",1981-03-30,2.8,"3569","JUPITER","VRUB",1978-04-21,5.75,2014-06-01,30.11,NA,NA,30.11,8,NA,2679,1985-04-19,4,355,50.71,11.67,11,0.97,NA,NA,NA,10635,1.65,"IJ","NP",NA,NA,NA,NA,NA,NA,3596,79
"VRUB","5930","N","M","ALPHA CENTAURI","N","145",1984-05-14,5,NA,"CB","Duke Lemur Center",3,103,1984-02-01,2,"5539","DIANA","VRUB",1980-05-04,3.75,"5827","NOVA","VRUB",1980-05-11,3.73,1990-08-22,6.28,NA,NA,6.28,NA,NA,2684,1985-04-15,4,336,48,11.05,11,0.92,NA,NA,NA,1955,1.65,"IJ","NP",NA,NA,NA,NA,NA,NA,3619,65.16
"VRUB","5931","N","F","OMEGA","N","146",1984-05-14,5,NA,"CB","Duke Lemur Center",3,103,1984-02-01,2,"5539","DIANA","VRUB",1980-05-04,3.75,"5827","NOVA","VRUB",1980-05-11,3.73,2004-10-17,20.44,NA,NA,20.44,NA,NA,2447,1985-04-15,4,336,48,11.05,11,0.92,NA,NA,NA,7125,1.65,"IJ","NP",NA,NA,NA,NA,NA,NA,2447,11.05
"VRUB","5932","N","F","ALPHECCA","N","147",1984-05-14,5,NA,"CB","Duke Lemur Center",3,103,1984-02-01,2,"5539","DIANA","VRUB",1980-05-04,3.75,"5827","NOVA","VRUB",1980-05-11,3.73,2002-01-08,17.67,NA,NA,17.67,NA,NA,2684,1985-04-15,4,336,48,11.05,11,0.92,NA,NA,NA,6112,1.65,"IJ","NP",NA,NA,NA,NA,NA,NA,3009.5,33.6
"EMON","5952","N","F","CONCEPCION","N","70",1984-10-15,10,NA,"CB","Duke Lemur Center",1,127,1984-06-10,6,"5715","ISABELLA","EMON",1978-10-01,5.7,"5714","FERDINAND","EMON",1978-10-01,5.7,2011-06-18,26.69,NA,NA,26.69,10,NA,871,1985-02-18,2,126,18,4.14,4,0.35,NA,NA,NA,9616,1.76,"IJ","NP",NA,NA,NA,NA,NA,NA,1520,319.17
"EMON","5955","N","M","FIDEL","N","71",1985-01-13,1,NA,"CB","Duke Lemur Center",1,127,1984-09-08,9,"5717","ESPERANZA","EMON",1977-10-01,6.94,"5716","PABLO","EMON",1977-10-01,6.94,2006-06-21,21.45,NA,NA,21.45,7,NA,200,1985-02-06,2,24,3.43,0.79,0,0.07,NA,NA,NA,7805,1.76,"IJ","NP",NA,NA,NA,NA,NA,NA,1540,190.16
"VRUB","6001","N","M","CHARON","N","167",1985-04-27,4,NA,"CB","Duke Lemur Center",2,103,1985-01-14,1,"5699","PLUTONIA","VRUB",1982-05-08,2.69,"3569","JUPITER","VRUB",1978-04-21,6.74,2012-07-31,27.28,NA,NA,27.28,NA,NA,2466,1986-04-03,4,341,48.71,11.21,11,0.93,NA,NA,NA,9616,1.65,"IJ","NP",NA,NA,NA,NA,NA,NA,3804,38.14
"VRUB","6002","N","M","JANUS","N","168",1985-04-27,4,NA,"CB","Duke Lemur Center",2,103,1985-01-14,1,"5699","PLUTONIA","VRUB",1982-05-08,2.69,"3569","JUPITER","VRUB",1978-04-21,6.74,2000-06-16,15.15,NA,NA,15.15,NA,NA,2288,1986-04-03,4,341,48.71,11.21,11,0.93,NA,NA,NA,5188,1.65,"IJ","NP",NA,NA,NA,NA,NA,NA,3628,38.14
"VRUB","6008","N","F","IZAR","N","169",1985-05-03,5,NA,"CB","Duke Lemur Center",3,103,1985-01-20,1,"4575","VENUS II","VRUB",1979-05-01,5.73,"5560","PLUTO III","VRUB",1977-05-28,7.65,2018-06-14,33.14,NA,NA,33.14,NA,NA,2711,1985-11-08,11,189,27,6.21,6,0.52,NA,NA,NA,11906,1.65,"IJ","NP",NA,NA,NA,NA,NA,NA,3840,84.16
"VRUB","6009","N","F","ARA","N","170",1985-05-03,5,NA,"CB","Duke Lemur Center",3,103,1985-01-20,1,"4575","VENUS II","VRUB",1979-05-01,5.73,"5560","PLUTO III","VRUB",1977-05-28,7.65,2010-11-21,25.57,NA,NA,25.57,NA,NA,2515,1985-11-08,11,189,27,6.21,6,0.52,NA,NA,NA,9144,1.65,"IJ","NP",NA,NA,NA,NA,NA,NA,3760,84.16
"VRUB","6010","N","F","ANCHA","N","171",1985-05-03,5,NA,"CB","Duke Lemur Center",3,103,1985-01-20,1,"4575","VENUS II","VRUB",1979-05-01,5.73,"5560","PLUTO III","VRUB",1977-05-28,7.65,2013-03-06,27.86,NA,NA,27.86,NA,NA,2833,1985-11-08,11,189,27,6.21,6,0.52,NA,NA,NA,9980,1.65,"IJ","NP",NA,NA,NA,NA,NA,NA,5080,202.88
"VRUB","6014","N","M","ALGOL","N","173",1985-05-05,5,NA,"CB","Duke Lemur Center",3,103,1985-01-22,1,"5630","HIMALIA","VRUB",1981-05-19,3.68,"5769","POLLUX","VRUB",1983-04-16,1.77,2003-10-26,18.49,NA,NA,18.49,NA,NA,516,1985-07-02,7,58,8.29,1.91,1,0.16,NA,NA,NA,6690,1.65,"IJ","NP",NA,NA,NA,NA,NA,NA,3536.5,18.67
"VRUB","6015","N","M","MENKIB","N","174",1985-05-05,5,NA,"CB","Duke Lemur Center",3,103,1985-01-22,1,"5630","HIMALIA","VRUB",1981-05-19,3.68,"5769","POLLUX","VRUB",1983-04-16,1.77,1995-06-22,10.14,NA,NA,10.14,NA,NA,1040,1985-08-05,8,92,13.14,3.02,3,0.25,NA,NA,NA,3608,1.65,"IJ","NP",NA,NA,NA,NA,NA,NA,3759,32.48
"VRUB","6016","N","F","COLUMBA","N","175",1985-05-05,5,NA,"CB","Duke Lemur Center",3,103,1985-01-22,1,"5630","HIMALIA","VRUB",1981-05-19,3.68,"5769","POLLUX","VRUB",1983-04-16,1.77,2003-07-11,18.19,NA,NA,18.19,3,NA,2556,1985-11-26,11,205,29.29,6.74,6,0.56,NA,NA,NA,6436,1.65,"IJ","NP",NA,NA,NA,NA,NA,NA,3559,74.66
"EMON","6030","N","M","GUSTAVO","N","72",1985-06-21,6,NA,"CB","Duke Lemur Center",1,127,1985-02-14,2,"5724","ELENA","EMON",1982-10-01,2.38,"5722","Sancho","EMON",1982-10-01,2.38,2003-11-22,18.43,NA,NA,18.43,2,NA,559,1985-09-27,9,98,14,3.22,3,0.27,NA,NA,NA,6630,1.76,"IJ","NP",NA,NA,NA,NA,NA,NA,1400,184.08
"EMON","6033","N","M","SIXTO","N","73",1985-11-05,11,NA,"CB","Duke Lemur Center",1,127,1985-07-01,7,"5719","CARMEN","EMON",1978-10-01,6.75,"5718","MANUEL","EMON",1977-10-01,7.75,2012-06-29,26.67,NA,NA,26.67,1,NA,77.5,1985-11-06,11,1,0.14,0.03,0,0,NA,NA,NA,9732,1.76,"IJ","NP",NA,NA,NA,NA,NA,NA,1493,47.64
"VRUB","6066","N","M","CEPHEUS","N","183",1986-03-30,3,NA,"CB","Duke Lemur Center",4,103,1985-12-17,12,"4575","VENUS II","VRUB",1979-05-01,6.64,"5560","PLUTO III","VRUB",1977-05-28,8.56,1998-11-14,12.64,NA,NA,12.64,NA,NA,2633,1986-10-11,10,195,27.86,6.41,6,0.53,NA,NA,NA,4417,1.65,"IJ","NP",NA,NA,NA,NA,NA,NA,2633,6.41
"VRUB","6067","N","M","KOCHAB","N","184",1986-03-30,3,NA,"CB","Duke Lemur Center",4,103,1985-12-17,12,"4575","VENUS II","VRUB",1979-05-01,6.64,"5560","PLUTO III","VRUB",1977-05-28,8.56,2002-10-30,16.6,NA,NA,16.6,NA,NA,2965,1986-10-11,10,195,27.86,6.41,6,0.53,NA,NA,NA,5863,1.65,"IJ","NP",NA,NA,NA,NA,NA,NA,2965,6.41
"VRUB","6068","N","F","LACERTA","N","185",1986-03-30,3,NA,"CB","Duke Lemur Center",4,103,1985-12-17,12,"4575","VENUS II","VRUB",1979-05-01,6.64,"5560","PLUTO III","VRUB",1977-05-28,8.56,2008-02-21,21.91,NA,NA,21.91,NA,NA,2729,1986-10-11,10,195,27.86,6.41,6,0.53,NA,NA,NA,7803,1.65,"IJ","NP",NA,NA,NA,NA,NA,NA,3532,20.22
"VRUB","6069","N","F","COMA","N","186",1986-03-30,3,NA,"CB","Duke Lemur Center",4,103,1985-12-17,12,"4575","VENUS II","VRUB",1979-05-01,6.64,"5560","PLUTO III","VRUB",1977-05-28,8.56,2005-01-25,18.84,NA,NA,18.84,1,NA,2565,1986-10-11,10,195,27.86,6.41,6,0.53,NA,NA,NA,6681,1.65,"IJ","NP",NA,NA,NA,NA,NA,NA,3069,20.22
"EMON","6076","N","M","RAFAEL","N","74",1986-04-04,4,NA,"CB","Duke Lemur Center",1,127,1985-11-28,11,"5721","EVITA","EMON",1981-10-01,4.16,"5720","JUAN","EMON",1978-10-01,7.16,NA,NA,NA,25.42,25.42,1,NA,1376,1987-05-07,5,398,56.86,13.08,13,1.09,NA,NA,NA,NA,1.76,"IJ","NP",NA,NA,NA,NA,NA,NA,1450,144.43
"EMON","6077","N","F","PIEDAD","N","75",1986-04-04,4,NA,"CB","Duke Lemur Center",1,127,1985-11-28,11,"5724","ELENA","EMON",1982-10-01,3.16,"5722","Sancho","EMON",1982-10-01,3.16,2018-05-21,32.15,NA,NA,32.15,5,NA,1584,1987-11-17,11,592,84.57,19.46,19,1.62,NA,NA,NA,11143,1.76,"IJ","NP",NA,NA,NA,NA,NA,NA,1560,282.81
"EMON","6102","N","F","Flor","N","77",1986-05-20,5,NA,"CB","Duke Lemur Center",1,127,1986-01-13,1,"5717","ESPERANZA","EMON",1977-10-01,8.29,"5716","PABLO","EMON",1977-10-01,8.29,2015-12-14,29.59,NA,NA,29.59,2,NA,1443,1988-03-24,3,674,96.29,22.16,22,1.85,NA,NA,NA,10126,1.76,"young_adult","NP",NA,NA,NA,NA,NA,NA,1840,355
"EFLA","6116","N","F","GRABLE","N","13",1986-07-07,7,NA,"CB","Duke Lemur Center",1,124,1986-03-05,3,"6041","HEPBURN","EFLA",1983-10-01,2.43,"6040","TRACY","EFLA",1983-10-01,2.43,1986-07-16,0.02,NA,NA,0.02,NA,NA,64,1986-07-09,7,2,0.29,0.07,0,0.01,NA,NA,NA,7,1.58,"IJ","NP",NA,NA,NA,NA,NA,NA,64,0.07
"EMON","6131","N","M","JAVIER","N","78",1986-11-06,11,NA,"CB","Duke Lemur Center",1,127,1986-07-02,7,"5719","CARMEN","EMON",1978-10-01,7.76,"5718","MANUEL","EMON",1977-10-01,8.76,1991-11-21,5.04,NA,NA,5.04,2,NA,649.5,1987-05-11,5,186,26.57,6.12,6,0.51,NA,NA,NA,1655,1.76,"IJ","NP",NA,NA,NA,NA,NA,NA,1353,59.05
"EFLA","6146","N","F","TURNER","N","15",1987-03-30,3,NA,"CB","Duke Lemur Center",1,124,1986-11-26,11,"6041","HEPBURN","EFLA",1983-10-01,3.16,"6040","TRACY","EFLA",1983-10-01,3.16,1987-06-24,0.24,NA,NA,0.24,NA,NA,87,1987-03-30,3,0,0,0,0,0,NA,NA,NA,86,1.58,"IJ","NP",NA,NA,NA,NA,NA,NA,493,2.01
"EMON","6156","N","M","CESAR","N","81",1987-04-10,4,NA,"CB","Duke Lemur Center",1,127,1986-12-04,12,"5724","ELENA","EMON",1982-10-01,4.18,"5722","Sancho","EMON",1982-10-01,4.18,2018-04-24,31.06,NA,NA,31.06,NA,NA,1476,1988-07-28,7,475,67.86,15.62,15,1.3,NA,NA,NA,10862,1.76,"IJ","NP",NA,NA,NA,NA,NA,NA,1439,47.05
"VRUB","6160","N","M","LYNX","N","228",1987-04-15,4,NA,"CB","Duke Lemur Center",3,103,1987-01-02,1,"6016","COLUMBA","VRUB",1985-05-05,1.66,"5790","JOVE","VRUB",1983-04-27,3.69,NA,NA,NA,31.72,31.72,NA,NA,1802,1987-08-13,8,120,17.14,3.95,3,0.33,NA,NA,NA,NA,1.65,"IJ","NP",NA,NA,NA,NA,NA,NA,3105,33.83
"VRUB","6161","N","F","PASIPHAE","N","229",1987-04-15,4,NA,"CB","Duke Lemur Center",3,103,1987-01-02,1,"6016","COLUMBA","VRUB",1985-05-05,1.66,"5790","JOVE","VRUB",1983-04-27,3.69,1999-01-12,11.75,NA,NA,11.75,NA,NA,1716,1987-08-13,8,120,17.14,3.95,3,0.33,NA,NA,NA,4170,1.65,"IJ","NP",NA,NA,NA,NA,NA,NA,3283,51.32
"VRUB","6162","N","F","MIAPLACIDUS","N","230",1987-04-15,4,NA,"CB","Duke Lemur Center",3,103,1987-01-02,1,"6016","COLUMBA","VRUB",1985-05-05,1.66,"5790","JOVE","VRUB",1983-04-27,3.69,1997-11-05,10.57,NA,NA,10.57,NA,NA,1462,1987-08-13,8,120,17.14,3.95,3,0.33,NA,NA,NA,3737,1.65,"IJ","NP",NA,NA,NA,NA,NA,NA,4013,51.32
"EMON","6166","N","F","JACINTA","N","82",1987-04-19,4,NA,"CB","Duke Lemur Center",1,127,1986-12-13,12,"5717","ESPERANZA","EMON",1977-10-01,9.21,"5716","PABLO","EMON",1977-10-01,9.21,NA,NA,NA,27.77,27.77,1,NA,1420,1988-06-29,6,437,62.43,14.37,14,1.2,NA,NA,NA,NA,1.76,"IJ","NP",NA,NA,NA,NA,NA,NA,1557,30.21
"VRUB","6169","N","M","CRATER","N","238",1987-04-20,4,NA,"CB","Duke Lemur Center",3,103,1987-01-07,1,"5630","HIMALIA","VRUB",1981-05-19,5.64,"5790","JOVE","VRUB",1983-04-27,3.7,2018-04-04,30.98,NA,NA,30.98,NA,NA,1525,1987-08-13,8,115,16.43,3.78,3,0.32,NA,NA,NA,11192,1.65,"IJ","NP",NA,NA,NA,NA,NA,NA,3250,72.07
"VRUB","6170","N","M","SCULPTOR","N","239",1987-04-20,4,NA,"CB","Duke Lemur Center",3,103,1987-01-07,1,"5630","HIMALIA","VRUB",1981-05-19,5.64,"5790","JOVE","VRUB",1983-04-27,3.7,2017-04-15,30.01,NA,NA,30.01,NA,NA,1548,1987-08-13,8,115,16.43,3.78,3,0.32,NA,NA,NA,10838,1.65,"IJ","NP",NA,NA,NA,NA,NA,NA,3390,72.07
"VRUB","6171","N","F","MIMOSA II","N","240",1987-04-20,4,NA,"CB","Duke Lemur Center",3,103,1987-01-07,1,"5630","HIMALIA","VRUB",1981-05-19,5.64,"5790","JOVE","VRUB",1983-04-27,3.7,2012-05-18,25.1,NA,NA,25.1,NA,NA,1661,1987-08-13,8,115,16.43,3.78,3,0.32,NA,NA,NA,9045,1.65,"IJ","NP",NA,NA,NA,NA,NA,NA,2533,13.38
"EMON","6172","N","M","JAIME","N","83",1987-04-25,4,NA,"CB","Duke Lemur Center",2,127,1986-12-19,12,"5952","CONCEPCION","EMON",1984-10-15,2.18,"4504","PIERROT","EMON",1976-05-15,10.6,2002-02-11,14.81,NA,NA,14.81,2,NA,310,1987-07-05,7,71,10.14,2.33,2,0.19,NA,NA,NA,5335,1.76,"IJ","NP",NA,NA,NA,NA,NA,NA,1634,66.12
"VRUB","6173","N","F","BERENICES","N","252",1987-04-27,4,NA,"CB","Duke Lemur Center",2,103,1987-01-14,1,"5900","CARME","VRUB",1984-04-29,2.71,"5768","CASTOR","VRUB",1983-04-16,3.75,2006-03-01,18.86,NA,NA,18.86,NA,NA,4031,1988-11-03,11,556,79.43,18.28,18,1.52,NA,NA,NA,6327,1.65,"IJ","NP",NA,NA,NA,NA,NA,NA,3518,30.38
"VRUB","6174","N","F","MUSCA","N","253",1987-04-27,4,NA,"CB","Duke Lemur Center",2,103,1987-01-14,1,"5900","CARME","VRUB",1984-04-29,2.71,"5768","CASTOR","VRUB",1983-04-16,3.75,2009-07-16,22.24,NA,NA,22.24,NA,NA,3596,1988-11-03,11,556,79.43,18.28,18,1.52,NA,NA,NA,7560,1.65,"IJ","NP",NA,NA,NA,NA,NA,NA,3950,30.48
"EFLA","6187","N","M","GARFIELD","N","17",1987-05-12,5,NA,"CB","Duke Lemur Center",1,124,1987-01-08,1,"6042","BACALL","EFLA",1983-10-01,3.27,"6039","BOGART","EFLA",1983-10-01,3.27,2007-03-26,19.88,NA,NA,19.88,6,NA,68,1987-05-15,5,3,0.43,0.1,0,0.01,NA,NA,NA,7255,1.58,"IJ","NP",NA,NA,NA,NA,NA,NA,2220,237.57
"EMON","6188","N","M","CONCEPCION-A","N","84",1987-04-25,4,NA,"CB","Duke Lemur Center",2,127,1986-12-19,12,"5952","CONCEPCION","EMON",1984-10-15,2.18,"4504","PIERROT","EMON",1976-05-15,10.6,1987-04-30,0.01,NA,NA,0.01,NA,NA,62,1987-04-29,4,4,0.57,0.13,0,0.01,NA,NA,NA,1,1.76,"IJ","NP",NA,NA,NA,NA,NA,NA,62,0.13
"EMON","6218","N","F","ANA","N","88",1988-04-02,4,NA,"CB","Duke Lemur Center",1,127,1987-11-27,11,"5724","ELENA","EMON",1982-10-01,5.16,"5722","Sancho","EMON",1982-10-01,5.16,2001-01-10,12.78,NA,NA,12.78,5,NA,61.5,1988-04-04,4,2,0.29,0.07,0,0.01,NA,NA,NA,4664,1.76,"IJ","NP",NA,NA,NA,NA,NA,NA,1700,60
"EMON","6220","N","F","ROSA","N","89",1988-04-06,4,NA,"CB","Duke Lemur Center",1,127,1987-12-01,12,"5721","EVITA","EMON",1981-10-01,6.17,"5720","JUAN","EMON",1978-10-01,9.17,1988-06-29,0.23,NA,NA,0.23,NA,NA,75,1988-04-11,4,5,0.71,0.16,0,0.01,NA,NA,NA,79,1.76,"IJ","NP",NA,NA,NA,NA,NA,NA,409,2.76
"EMON","6224","N","F","ARALES","N","90",1988-04-13,4,NA,"CB","Duke Lemur Center",1,127,1987-12-08,12,"5879","CHIQUITA","EMON",1984-04-12,3.66,"5955","FIDEL","EMON",1985-01-13,2.9,NA,NA,NA,22.42,22.42,NA,NA,1643,1990-01-31,1,658,94,21.63,21,1.8,NA,NA,NA,NA,1.76,"young_adult","NP",NA,NA,NA,NA,NA,NA,1598,34.92
"EMON","6227","N","M","TOMAS","N","92",1988-04-15,4,NA,"CB","Duke Lemur Center",1,127,1987-12-10,12,"5715","ISABELLA","EMON",1978-10-01,9.2,"5714","FERDINAND","EMON",1978-10-01,9.2,NA,NA,NA,30.67,30.67,NA,NA,315,1988-06-20,6,66,9.43,2.17,2,0.18,NA,NA,NA,NA,1.76,"IJ","NP",NA,NA,NA,NA,NA,NA,1978,35.15
"EFLA","6233","N","F","GARLAND","N","21",1988-04-22,4,NA,"CB","Duke Lemur Center",1,124,1987-12-20,12,"6041","HEPBURN","EFLA",1983-10-01,4.22,"6040","TRACY","EFLA",1983-10-01,4.22,2002-04-24,14.01,NA,NA,14.01,6,NA,2110.5,1989-07-17,7,451,64.43,14.83,14,1.24,NA,NA,NA,4664,1.58,"IJ","NP",NA,NA,NA,NA,NA,NA,2260,167.44
"VRUB","6240","N","M","Borealis","Y","287",1988-04-30,4,NA,"CB","Duke Lemur Center",3,103,1988-01-18,1,"5587","CYNTHIA","VRUB",1981-03-30,6.81,"5768","CASTOR","VRUB",1983-04-16,4.76,NA,NA,30.79,NA,30.79,2,NA,580,1988-06-13,6,44,6.29,1.45,1,0.12,NA,NA,NA,NA,1.65,"IJ","NP",NA,NA,NA,NA,NA,NA,3320,369.04
"VRUB","6241","N","M","TROMDENUS","N","288",1988-04-30,4,NA,"CB","Duke Lemur Center",3,103,1988-01-18,1,"5587","CYNTHIA","VRUB",1981-03-30,6.81,"5768","CASTOR","VRUB",1983-04-16,4.76,2008-03-18,19.9,NA,NA,19.9,9,NA,596,1988-06-17,6,48,6.86,1.58,1,0.13,NA,NA,NA,7214,1.65,"IJ","NP",NA,NA,NA,NA,NA,NA,3030,136.77
"VRUB","6242","N","F","CORONA","N","289",1988-04-30,4,NA,"CB","Duke Lemur Center",3,103,1988-01-18,1,"5587","CYNTHIA","VRUB",1981-03-30,6.81,"5768","CASTOR","VRUB",1983-04-16,4.76,2004-02-15,15.81,NA,NA,15.81,NA,NA,645,1988-06-17,6,48,6.86,1.58,1,0.13,NA,NA,NA,5721,1.65,"IJ","NP",NA,NA,NA,NA,NA,NA,3690,64.37
"VRUB","6245","N","M","JOVEN","N","294",1988-05-03,5,NA,"CB","Duke Lemur Center",2,103,1988-01-21,1,"5630","HIMALIA","VRUB",1981-05-19,6.68,"5790","JOVE","VRUB",1983-04-27,4.74,2013-08-02,25.27,NA,NA,25.27,NA,NA,2939,1989-10-10,10,525,75,17.26,17,1.44,NA,NA,NA,8697,1.65,"IJ","NP",NA,NA,NA,NA,NA,NA,3080,84
"EMON","6263","N","F","Moheli","N","85",1987-05-13,5,NA,"CB","Philadelphia Zoo",NA,127,1987-01-06,1,"oi_100074",NA,NA,NA,NA,"oi_101359",NA,NA,NA,NA,2014-10-04,27.41,NA,NA,27.41,9,NA,1525,1989-03-20,3,677,96.71,22.26,22,1.85,NA,NA,NA,9329,1.76,"young_adult","NP",NA,NA,NA,NA,NA,NA,1580,328.5
"EFLA","6288","N","M","ROONEY","N","24",1989-03-19,3,NA,"CB","Duke Lemur Center",1,124,1988-11-15,11,"6042","BACALL","EFLA",1983-10-01,5.13,"6039","BOGART","EFLA",1983-10-01,5.13,2008-01-17,18.84,NA,NA,18.84,4,NA,2143,1990-07-26,7,494,70.57,16.24,16,1.35,NA,NA,NA,6384,1.58,"IJ","NP",NA,NA,NA,NA,NA,NA,2260,224.75
"EMON","6292","N","M","TRINI","N","100",1989-04-02,4,NA,"CB","Duke Lemur Center",1,127,1988-11-26,11,"5724","ELENA","EMON",1982-10-01,6.16,"5722","Sancho","EMON",1982-10-01,6.16,NA,NA,NA,14.01,14.01,NA,NA,1558,1990-08-13,8,498,71.14,16.37,16,1.36,NA,NA,NA,NA,1.76,"IJ","NP",NA,NA,NA,NA,NA,NA,1280,23.11
"VRUB","6303","N","F","CERES","N","339",1989-04-18,4,NA,"CB","Duke Lemur Center",3,103,1989-01-05,1,"5587","CYNTHIA","VRUB",1981-03-30,7.78,"5629","PHOENIX","VRUB",1981-05-19,7.64,2012-01-31,22.8,NA,NA,22.8,NA,NA,2820,1990-11-14,11,575,82.14,18.9,18,1.58,NA,NA,NA,7748,1.65,"IJ","NP",NA,NA,NA,NA,NA,NA,3142,28.96
"VRUB","6304","N","F","INDUS","N","340",1989-04-18,4,NA,"CB","Duke Lemur Center",3,103,1989-01-05,1,"5587","CYNTHIA","VRUB",1981-03-30,7.78,"5629","PHOENIX","VRUB",1981-05-19,7.64,1998-09-30,9.46,NA,NA,9.46,NA,NA,3032,1990-11-14,11,575,82.14,18.9,18,1.58,NA,NA,NA,2877,1.65,"IJ","NP",NA,NA,NA,NA,NA,NA,3105,28.96
"VRUB","6309","N","M","SEXTANS","N","341",1989-04-22,4,NA,"CB","Duke Lemur Center",3,103,1989-01-09,1,"5900","CARME","VRUB",1984-04-29,4.7,"5698","HERMES","VRUB",1982-05-08,6.68,2006-09-18,17.42,NA,NA,17.42,NA,NA,2311,1989-10-11,10,172,24.57,5.65,5,0.47,NA,NA,NA,6186,1.65,"IJ","NP",NA,NA,NA,NA,NA,NA,3405,35.77
"VRUB","6310","N","M","Alphard","N","342",1989-04-22,4,NA,"CB","Duke Lemur Center",3,103,1989-01-09,1,"5900","CARME","VRUB",1984-04-29,4.7,"5698","HERMES","VRUB",1982-05-08,6.68,2013-03-13,23.91,NA,NA,23.91,5,NA,2338,1989-10-11,10,172,24.57,5.65,5,0.47,NA,NA,NA,8554,1.65,"IJ","NP",NA,NA,NA,NA,NA,NA,3270,286.88
"VRUB","6311","N","F","Antlia","N","343",1989-04-22,4,NA,"CB","Duke Lemur Center",3,103,1989-01-09,1,"5900","CARME","VRUB",1984-04-29,4.7,"5698","HERMES","VRUB",1982-05-08,6.68,2018-08-06,29.31,NA,NA,29.31,NA,NA,2320,1989-10-11,10,172,24.57,5.65,5,0.47,NA,NA,NA,10526,1.65,"IJ","NP",NA,NA,NA,NA,NA,NA,3160,351.62
"VRUB","6313","N","F","PEACOCK","N","351",1989-04-29,4,NA,"CB","Duke Lemur Center",1,103,1989-01-16,1,"6205","Galaxy","VRUB",1984-10-01,4.3,"6206","Comet","VRUB",1984-10-01,4.3,2013-06-06,24.12,NA,NA,24.12,1,NA,2733,1989-11-07,11,192,27.43,6.31,6,0.53,NA,NA,NA,8612,1.65,"IJ","NP",NA,NA,NA,NA,NA,NA,3810,47.21
"EMON","6321","N","M","MARIO","N","103",1989-06-01,6,NA,"CB","Duke Lemur Center",1,127,1989-01-25,1,"5717","ESPERANZA","EMON",1977-10-01,11.33,"5716","PABLO","EMON",1977-10-01,11.33,1999-10-26,10.41,NA,NA,10.41,1,NA,1407,1991-03-11,3,648,92.57,21.3,21,1.78,NA,NA,NA,3151,1.76,"young_adult","NP",NA,NA,NA,NA,NA,NA,1562,29.88
"EFLA","6323","N","M","RATHBONE","N","25",1989-06-11,6,NA,"CB","Duke Lemur Center",1,124,1989-02-07,2,"6041","HEPBURN","EFLA",1983-10-01,5.36,"6040","TRACY","EFLA",1983-10-01,5.36,1999-06-10,10,NA,NA,10,NA,NA,166,1989-06-26,6,15,2.14,0.49,0,0.04,NA,NA,NA,3636,1.58,"IJ","NP",NA,NA,NA,NA,NA,NA,1740,120
"EMON","6324","N","M","JACINTA-A","N","104",1989-06-15,6,NA,"CB","Duke Lemur Center",1,127,1989-02-08,2,"6166","JACINTA","EMON",1987-04-19,1.81,"6033","SIXTO","EMON",1985-11-05,3.26,1989-06-16,0,NA,NA,0,NA,NA,40.3,1989-06-15,6,0,0,0,0,0,NA,NA,NA,1,1.76,"IJ","NP",NA,NA,NA,NA,NA,NA,40.3,0
"EFLA","6340","N","M","STEWART","N","27",1990-03-09,3,NA,"CB","Duke Lemur Center",1,124,1989-11-05,11,"6042","BACALL","EFLA",1983-10-01,6.1,"6039","BOGART","EFLA",1983-10-01,6.1,NA,NA,28.93,NA,28.93,6,NA,307.5,1990-04-12,4,34,4.86,1.12,1,0.09,NA,NA,NA,NA,1.58,"IJ","NP",NA,NA,NA,NA,NA,NA,2140,122.86
"EMON","6344","N","M","Julio","Y","105",1990-03-19,3,NA,"CB","Duke Lemur Center",1,127,1989-11-12,11,"6077","PIEDAD","EMON",1986-04-04,3.61,"5723","PEPE","EMON",1982-10-01,7.12,NA,NA,28.91,NA,28.91,3,NA,1149,1991-03-22,3,368,52.57,12.1,12,1.01,NA,NA,NA,NA,1.76,"IJ","NP",NA,NA,NA,NA,NA,NA,1630,346.72
"EFLA","6360","N","M","BRANDO","N","29",1990-03-30,3,NA,"CB","Duke Lemur Center",1,124,1989-11-26,11,"6041","HEPBURN","EFLA",1983-10-01,6.16,"6040","TRACY","EFLA",1983-10-01,6.16,1996-04-21,6.07,NA,NA,6.07,NA,NA,162.5,1990-04-10,4,11,1.57,0.36,0,0.03,NA,NA,NA,2203,1.58,"IJ","NP",NA,NA,NA,NA,NA,NA,2100,66.25
"EFLA","6363","N","F","GARLAND-A","N","30",1990-04-04,4,NA,"CB","Duke Lemur Center",1,124,1989-12-01,12,"6233","GARLAND","EFLA",1988-04-22,1.61,"6187","GARFIELD","EFLA",1987-05-12,2.56,1990-04-04,0,NA,NA,0,NA,NA,99,1990-04-04,4,0,0,0,0,0,NA,NA,NA,0,1.58,"IJ","NP",NA,NA,NA,NA,NA,NA,99,0
"VRUB","6370","N","M","CYNTHIA-B","N","366",1990-04-20,4,NA,"CB","Duke Lemur Center",3,103,1990-01-07,1,"5587","CYNTHIA","VRUB",1981-03-30,8.78,"5629","PHOENIX","VRUB",1981-05-19,8.64,1990-04-20,0,NA,NA,0,NA,NA,110,1990-04-20,4,0,0,0,0,0,NA,NA,NA,0,1.65,"IJ","NP",NA,NA,NA,NA,NA,NA,110,0
"VRUB","6371","N","F","CYNTHIA-C","N","367",1990-04-20,4,NA,"CB","Duke Lemur Center",3,103,1990-01-07,1,"5587","CYNTHIA","VRUB",1981-03-30,8.78,"5629","PHOENIX","VRUB",1981-05-19,8.64,1990-04-20,0,NA,NA,0,NA,NA,80,1990-04-20,4,0,0,0,0,0,NA,NA,NA,0,1.65,"IJ","NP",NA,NA,NA,NA,NA,NA,80,0
"VRUB","6372","N","M","RASALHAGUE","N","368",1990-04-20,4,NA,"CB","Duke Lemur Center",3,103,1990-01-07,1,"5587","CYNTHIA","VRUB",1981-03-30,8.78,"5629","PHOENIX","VRUB",1981-05-19,8.64,2018-10-22,28.53,NA,NA,28.53,NA,NA,2479,1991-07-15,7,451,64.43,14.83,14,1.24,NA,NA,NA,9961,1.65,"IJ","NP",NA,NA,NA,NA,NA,NA,3260,91.46
"VRUB","6376","N","F","EUNOMIA","N","372",1990-04-28,4,NA,"CB","Duke Lemur Center",3,103,1990-01-15,1,"5630","HIMALIA","VRUB",1981-05-19,8.67,"5827","NOVA","VRUB",1980-05-11,9.69,1999-09-10,9.38,NA,NA,9.38,NA,NA,215,1990-05-15,5,17,2.43,0.56,0,0.05,NA,NA,NA,3405,1.65,"IJ","NP",NA,NA,NA,NA,NA,NA,3050,79.3
"VRUB","6377","N","F","NUNKI","N","373",1990-04-28,4,NA,"CB","Duke Lemur Center",3,103,1990-01-15,1,"5630","HIMALIA","VRUB",1981-05-19,8.67,"5827","NOVA","VRUB",1980-05-11,9.69,2011-12-23,21.67,NA,NA,21.67,NA,NA,245,1990-05-15,5,17,2.43,0.56,0,0.05,NA,NA,NA,7892,1.65,"IJ","NP",NA,NA,NA,NA,NA,NA,3730,260.02
"VRUB","6378","N","F","DIPHDA","N","374",1990-04-28,4,NA,"CB","Duke Lemur Center",3,103,1990-01-15,1,"5630","HIMALIA","VRUB",1981-05-19,8.67,"5827","NOVA","VRUB",1980-05-11,9.69,2010-02-15,19.82,NA,NA,19.82,NA,NA,211,1990-05-15,5,17,2.43,0.56,0,0.05,NA,NA,NA,7216,1.65,"IJ","NP",NA,NA,NA,NA,NA,NA,3040,237.8
"VRUB","6379","N","M","HERCULES","N","378",1990-04-29,4,NA,"CB","Duke Lemur Center",3,103,1990-01-16,1,"5900","CARME","VRUB",1984-04-29,5.72,"5698","HERMES","VRUB",1982-05-08,7.7,2004-08-03,14.27,NA,NA,14.27,NA,NA,91,1990-04-29,4,0,0,0,0,0,NA,NA,NA,5210,1.65,"IJ","NP",NA,NA,NA,NA,NA,NA,2896,23.54
"VRUB","6380","N","F","ENIF","N","379",1990-04-29,4,NA,"CB","Duke Lemur Center",3,103,1990-01-16,1,"5900","CARME","VRUB",1984-04-29,5.72,"5698","HERMES","VRUB",1982-05-08,7.7,2008-08-19,18.32,NA,NA,18.32,NA,NA,100.8,1990-05-01,5,2,0.29,0.07,0,0.01,NA,NA,NA,6685,1.65,"IJ","NP",NA,NA,NA,NA,NA,NA,3200,40.41
"VRUB","6381","N","F","SABIK","N","380",1990-04-29,4,NA,"CB","Duke Lemur Center",3,103,1990-01-16,1,"5900","CARME","VRUB",1984-04-29,5.72,"5698","HERMES","VRUB",1982-05-08,7.7,2006-11-20,16.57,NA,NA,16.57,NA,NA,2003,1990-10-10,10,164,23.43,5.39,5,0.45,NA,NA,NA,5885,1.65,"IJ","NP",NA,NA,NA,NA,NA,NA,2950,40.41
"EMON","6382","N","M","RAUL","N","106",1990-05-03,5,NA,"CB","Duke Lemur Center",1,127,1989-12-27,12,"5724","ELENA","EMON",1982-10-01,7.24,"5722","Sancho","EMON",1982-10-01,7.24,2018-03-06,27.86,NA,NA,27.86,NA,NA,613,1990-08-13,8,102,14.57,3.35,3,0.28,NA,NA,NA,10067,1.76,"IJ","NP",NA,NA,NA,NA,NA,NA,1494,21.37
"EMON","6383","N","F","CARMEN-B","N","107",1990-05-07,5,NA,"CB","Duke Lemur Center",1,127,1989-12-31,12,"5719","CARMEN","EMON",1978-10-01,11.26,"5718","MANUEL","EMON",1977-10-01,12.26,1990-05-07,0,NA,NA,0,NA,NA,52,1990-05-07,5,0,0,0,0,0,NA,NA,NA,0,1.76,"IJ","NP",NA,NA,NA,NA,NA,NA,52,0
"EMON","6390","N","M","Pedro","Y","110",1990-06-17,6,NA,"CB","Duke Lemur Center",1,127,1990-02-10,2,"6263","Moheli","EMON",1987-05-13,2.75,"6131","JAVIER","EMON",1986-11-06,3.27,NA,NA,28.66,NA,28.66,1,NA,1580,1991-10-07,10,477,68.14,15.68,15,1.31,NA,NA,NA,NA,1.76,"IJ","NP",NA,NA,NA,NA,NA,NA,1600,343.43
"EFLA","6394","N","F","MONROE","N","19",1988-11-01,11,"U","WB","Madagascar /",NA,124,1988-06-30,6,"WILD",NA,NA,NA,NA,"WILD",NA,NA,NA,NA,2006-05-23,17.57,NA,NA,17.57,3,"U",1621,1990-07-25,7,631,90.14,20.75,20,1.73,NA,NA,NA,5781,1.58,"young_adult","NP",NA,NA,NA,NA,NA,NA,1980,210.81
"EFLA","6395","N","F","LAMOUR","N","23",1989-11-01,11,"U","WB","Madagascar /",NA,124,1989-06-30,6,"WILD",NA,NA,NA,NA,"WILD",NA,NA,NA,NA,2011-08-03,21.77,NA,NA,21.77,8,"U",2588,1991-08-22,8,659,94.14,21.67,21,1.81,590,136,4.34,7286,1.58,"young_adult","NP",NA,NA,NA,NA,NA,NA,2110,261.14
"EFLA","6407","N","M","Olivier","N","34",1991-03-28,3,NA,"CB","Duke Lemur Center",1,124,1990-11-24,11,"6042","BACALL","EFLA",1983-10-01,7.15,"6039","BOGART","EFLA",1983-10-01,7.15,2018-08-15,27.4,NA,NA,27.4,8,NA,1103.5,1991-08-29,8,154,22,5.06,5,0.42,NA,NA,NA,9848,1.58,"IJ","NP",NA,NA,NA,NA,NA,NA,2140,328.34
"EMON","6408","N","F","CHIQUITA-C","N","111",1991-03-29,3,NA,"CB","Duke Lemur Center",1,127,1990-11-22,11,"5879","CHIQUITA","EMON",1984-04-12,6.62,"5955","FIDEL","EMON",1985-01-13,5.86,1991-03-30,0,NA,NA,0,NA,NA,55,1991-03-30,3,1,0.14,0.03,0,0,NA,NA,NA,0,1.76,"IJ","NP",NA,NA,NA,NA,NA,NA,55,0.03
"EFLA","6409","N","M","CAGNEY","N","35",1991-03-30,3,NA,"CB","Duke Lemur Center",1,124,1990-11-26,11,"6233","GARLAND","EFLA",1988-04-22,2.6,"6187","GARFIELD","EFLA",1987-05-12,3.55,2012-03-06,20.95,NA,NA,20.95,2,NA,703,1991-06-27,6,89,12.71,2.93,2,0.24,NA,NA,NA,7558,1.58,"IJ","NP",NA,NA,NA,NA,NA,NA,2340,77.92
"EMON","6417","N","M","JOSE","N","112",1991-04-09,4,NA,"CB","Duke Lemur Center",1,127,1990-12-03,12,"5724","ELENA","EMON",1982-10-01,8.18,"5722","Sancho","EMON",1982-10-01,8.18,NA,NA,NA,27.59,27.59,NA,NA,868,1991-10-08,10,182,26,5.98,5,0.5,NA,NA,NA,NA,1.76,"IJ","NP",NA,NA,NA,NA,NA,NA,1171,10.16
"EMON","6418","N","M","CARLOS","N","113",1991-04-10,4,NA,"CB","Duke Lemur Center",1,127,1990-12-04,12,"6263","Moheli","EMON",1987-05-13,3.56,"6131","JAVIER","EMON",1986-11-06,4.08,NA,NA,NA,27.44,27.44,2,NA,1026,1991-10-07,10,180,25.71,5.92,5,0.49,NA,NA,NA,NA,1.76,"IJ","NP",NA,NA,NA,NA,NA,NA,1010,14.96
"VRUB","6422","N","M","DORADO","N","406",1991-04-14,4,NA,"CB","Duke Lemur Center",3,103,1991-01-01,1,"5630","HIMALIA","VRUB",1981-05-19,9.63,"MULT2",NA,NA,NA,NA,NA,NA,NA,14.36,14.36,NA,NA,1194,1991-07-09,7,86,12.29,2.83,2,0.24,NA,NA,NA,NA,1.65,"IJ","NP",NA,NA,NA,NA,NA,NA,3480,67.76
"VRUB","6423","N","F","DENEBOLA","N","407",1991-04-14,4,NA,"CB","Duke Lemur Center",3,103,1991-01-01,1,"5630","HIMALIA","VRUB",1981-05-19,9.63,"MULT2",NA,NA,NA,NA,2009-03-04,17.9,NA,NA,17.9,NA,NA,2683,1991-11-07,11,207,29.57,6.81,6,0.57,NA,NA,NA,6327,1.65,"IJ","NP",NA,NA,NA,NA,NA,NA,3890,46.36
"VRUB","6424","N","F","DEMBOWSKA","N","408",1991-04-14,4,NA,"CB","Duke Lemur Center",3,103,1991-01-01,1,"5630","HIMALIA","VRUB",1981-05-19,9.63,"MULT2",NA,NA,NA,NA,2008-04-19,17.03,NA,NA,17.03,NA,NA,2606,1991-11-07,11,207,29.57,6.81,6,0.57,NA,NA,NA,6008,1.65,"IJ","NP",NA,NA,NA,NA,NA,NA,3330,204.23
"EMON","6425","N","M","ALEJANDRO","N","114",1991-04-15,4,NA,"CB","Duke Lemur Center",1,127,1990-12-09,12,"5719","CARMEN","EMON",1978-10-01,12.2,"5718","MANUEL","EMON",1977-10-01,13.2,2011-05-20,20.11,NA,NA,20.11,3,NA,463,1991-07-29,7,105,15,3.45,3,0.29,NA,NA,NA,7235,1.76,"IJ","NP",NA,NA,NA,NA,NA,NA,1280,17.49
"EMON","6426","N","M","BETI-A","N","115",1991-04-15,4,NA,"CB","Duke Lemur Center",1,127,1990-12-09,12,"6246","BETI","EMON",1988-05-06,2.59,"6172","JAIME","EMON",1987-04-25,3.63,1991-04-15,0,NA,NA,0,NA,NA,59,1991-04-15,4,0,0,0,0,0,NA,NA,NA,0,1.76,"IJ","NP",NA,NA,NA,NA,NA,NA,59,0
"VRUB","6428","N","M","WOLF 359","N","411",1991-04-26,4,NA,"CB","Duke Lemur Center",2,103,1991-01-13,1,"5587","CYNTHIA","VRUB",1981-03-30,9.8,"5629","PHOENIX","VRUB",1981-05-19,9.66,2013-09-06,22.38,NA,NA,22.38,NA,NA,106,1991-04-27,4,1,0.14,0.03,0,0,NA,NA,NA,8168,1.65,"IJ","NP",NA,NA,NA,NA,NA,NA,3500,78.84
"VRUB","6429","N","M","CYNTHIA-D","N","412",1991-04-26,4,NA,"CB","Duke Lemur Center",2,103,1991-01-13,1,"5587","CYNTHIA","VRUB",1981-03-30,9.8,"5629","PHOENIX","VRUB",1981-05-19,9.66,1991-04-26,0,NA,NA,0,NA,NA,130,1991-04-26,4,0,0,0,0,0,NA,NA,NA,0,1.65,"IJ","NP",NA,NA,NA,NA,NA,NA,130,0
"EMON","6432","N","M","CHE","N","117",1991-05-04,5,NA,"CB","Duke Lemur Center",1,127,1990-12-28,12,"6077","PIEDAD","EMON",1986-04-04,4.74,"5723","PEPE","EMON",1982-10-01,8.25,NA,NA,NA,14.07,14.07,4,NA,781,1991-09-18,9,137,19.57,4.5,4,0.38,NA,NA,NA,NA,1.76,"IJ","NP",NA,NA,NA,NA,NA,NA,1780,27.52
"EMON","6434","N","M","MIGUEL","N","118",1991-05-10,5,NA,"CB","Duke Lemur Center",1,127,1991-01-03,1,"6218","ANA","EMON",1988-04-02,2.76,"6076","RAFAEL","EMON",1986-04-04,4.75,2012-11-02,21.5,NA,NA,21.5,NA,NA,970,1992-05-06,5,362,51.71,11.9,11,0.99,NA,NA,NA,7485,1.76,"IJ","NP",NA,NA,NA,NA,NA,NA,1320,205.02
"VRUB","6437","N","F","ALUDRA","N","433",1991-05-20,5,NA,"CB","Duke Lemur Center",1,103,1991-02-06,2,"6205","Galaxy","VRUB",1984-10-01,6.35,"6206","Comet","VRUB",1984-10-01,6.35,NA,NA,NA,27.15,27.15,1,NA,2792,1992-01-07,1,232,33.14,7.63,7,0.64,NA,NA,NA,NA,1.65,"IJ","NP",NA,NA,NA,NA,NA,NA,3380,59.87
"EFLA","6439","N","F","DIETRICH","N","36",1991-05-21,5,NA,"CB","Duke Lemur Center",1,124,1991-01-17,1,"6393","GARBO","EFLA",1987-11-01,3.21,"6248","BARRYMORE","EFLA",1988-05-09,2.69,2009-07-10,18.15,NA,NA,18.15,NA,NA,421,1991-07-10,7,50,7.14,1.64,1,0.14,NA,NA,NA,6575,1.58,"IJ","NP",NA,NA,NA,NA,NA,NA,2460,142.03
"EMON","6443","N","F","JUANITA","N","119",1991-06-13,6,NA,"CB","Duke Lemur Center",1,127,1991-02-06,2,"5721","EVITA","EMON",1981-10-01,9.36,"5720","JUAN","EMON",1978-10-01,12.36,2016-04-12,24.85,NA,NA,24.85,NA,NA,174,1991-07-17,7,34,4.86,1.12,1,0.09,NA,NA,NA,9036,1.76,"IJ","NP",NA,NA,NA,NA,NA,NA,1490,16.77
"EMON","6444","N","F","CLARA","N","121",1991-06-17,6,NA,"CB","Duke Lemur Center",2,127,1991-02-10,2,"5952","CONCEPCION","EMON",1984-10-15,6.33,"4504","PIERROT","EMON",1976-05-15,14.75,NA,NA,NA,27.57,27.57,2,NA,110,1991-07-17,7,30,4.29,0.99,0,0.08,NA,NA,NA,NA,1.76,"IJ","NP",NA,NA,NA,NA,NA,NA,1360,15.42
"EMON","6445","N","F","MARTA","N","122",1991-06-17,6,NA,"CB","Duke Lemur Center",2,127,1991-02-10,2,"5952","CONCEPCION","EMON",1984-10-15,6.33,"4504","PIERROT","EMON",1976-05-15,14.75,2016-12-01,25.48,NA,NA,25.48,2,NA,111,1991-07-17,7,30,4.29,0.99,0,0.08,NA,NA,NA,9269,1.76,"IJ","NP",NA,NA,NA,NA,NA,NA,1520,28.41
"VRUB","6446","N","M","TOROS","N","442",1991-06-17,6,NA,"CB","Duke Lemur Center",2,103,1991-03-06,3,"6203","STAR","VRUB",1984-10-01,6.43,"5768","CASTOR","VRUB",1983-04-16,7.89,2014-01-06,22.57,NA,NA,22.57,3,NA,2620,1992-01-29,1,226,32.29,7.43,7,0.62,NA,NA,NA,8013,1.65,"IJ","NP",NA,NA,NA,NA,NA,NA,3580,58.95
"VRUB","6447","N","F","PIAZZIA","N","443",1991-06-17,6,NA,"CB","Duke Lemur Center",2,103,1991-03-06,3,"6203","STAR","VRUB",1984-10-01,6.43,"5768","CASTOR","VRUB",1983-04-16,7.89,2014-05-28,22.96,NA,NA,22.96,NA,NA,2690,1992-07-15,7,394,56.29,12.95,12,1.08,NA,NA,NA,7987,1.65,"IJ","NP",NA,NA,NA,NA,NA,NA,2960,88.21
"EFLA","6458","N","F","HEPBURN-A","N","48",1992-03-05,3,NA,"CB","Duke Lemur Center",1,124,1991-11-02,11,"6041","HEPBURN","EFLA",1983-10-01,8.09,"6040","TRACY","EFLA",1983-10-01,8.09,1992-03-07,0.01,NA,NA,0.01,NA,NA,54.5,1992-03-07,3,2,0.29,0.07,0,0.01,NA,NA,NA,0,1.58,"IJ","NP",NA,NA,NA,NA,NA,NA,54.5,0.07
"EMON","6460","N","F","IMELDA","N","124",1992-03-10,3,NA,"CB","Duke Lemur Center",1,127,1991-11-04,11,"5879","CHIQUITA","EMON",1984-04-12,7.57,"5955","FIDEL","EMON",1985-01-13,6.81,NA,NA,NA,11.07,11.07,1,NA,360,1992-06-25,6,107,15.29,3.52,3,0.29,NA,NA,NA,NA,1.76,"IJ","NP",NA,NA,NA,NA,NA,NA,1480,20.48
"EFLA","6461","N","F","BARDOT","N","49",1992-03-13,3,NA,"CB","Duke Lemur Center",1,124,1991-11-10,11,"6395","LAMOUR","EFLA",1989-11-01,2.02,"6288","ROONEY","EFLA",1989-03-19,2.65,NA,NA,26.92,NA,26.92,1,NA,1780,1993-03-29,3,381,54.43,12.53,12,1.04,NA,NA,NA,NA,1.58,"IJ","NP",NA,NA,NA,NA,NA,NA,2590,59.93
"EFLA","6462","N","M","Redford","N","50",1992-03-13,3,NA,"CB","Duke Lemur Center",1,124,1991-11-10,11,"6233","GARLAND","EFLA",1988-04-22,3.55,"6187","GARFIELD","EFLA",1987-05-12,4.5,2014-07-29,22.39,NA,NA,22.39,1,NA,2020,1993-01-13,1,306,43.71,10.06,10,0.84,NA,NA,NA,7867,1.58,"IJ","NP",NA,NA,NA,NA,NA,NA,2880,268.18
"EFLA","6464","N","F","MONROE-A","N","51",1992-03-16,3,NA,"CB","Duke Lemur Center",1,124,1991-11-13,11,"6394","MONROE","EFLA",1988-11-01,3.03,"6288","ROONEY","EFLA",1989-03-19,2.65,1992-03-16,0,NA,NA,0,NA,NA,101,1992-03-16,3,0,0,0,0,0,NA,NA,NA,0,1.58,"IJ","NP",NA,NA,NA,NA,NA,NA,101,0
"EFLA","6465","N","F","BACALL-A","N","52",1992-03-18,3,NA,"CB","Duke Lemur Center",1,124,1991-11-15,11,"6042","BACALL","EFLA",1983-10-01,8.13,"6039","BOGART","EFLA",1983-10-01,8.13,1992-04-13,0.07,NA,NA,0.07,NA,NA,92,1992-03-19,3,1,0.14,0.03,0,0,NA,NA,NA,25,1.58,"IJ","NP",NA,NA,NA,NA,NA,NA,92,0.03
"EMON","6468","N","F","FERMINA","N","125",1992-03-23,3,NA,"CB","Duke Lemur Center",1,127,1991-11-17,11,"5719","CARMEN","EMON",1978-10-01,13.14,"5718","MANUEL","EMON",1977-10-01,14.14,1996-09-11,4.47,NA,NA,4.47,NA,NA,340,1992-06-05,6,74,10.57,2.43,2,0.2,NA,NA,NA,1559,1.76,"IJ","NP",NA,NA,NA,NA,NA,NA,1580,52.04
"EMON","6471","N","F","PILAR II","N","126",1992-03-26,3,NA,"CB","Duke Lemur Center",1,127,1991-11-20,11,"5724","ELENA","EMON",1982-10-01,9.14,"5722","Sancho","EMON",1982-10-01,9.14,2005-04-05,13.04,NA,NA,13.04,NA,NA,1320,1992-12-23,12,272,38.86,8.94,8,0.75,NA,NA,NA,4486,1.76,"IJ","NP",NA,NA,NA,NA,NA,NA,1290,156.39
"EFLA","6483","N","F","HARLOW","N","54",1992-04-18,4,NA,"CB","Duke Lemur Center",1,124,1991-12-16,12,"6393","GARBO","EFLA",1987-11-01,4.13,"6248","BARRYMORE","EFLA",1988-05-09,3.61,2010-09-15,18.42,NA,NA,18.42,NA,NA,102.5,1992-04-18,4,0,0,0,0,0,NA,NA,NA,6724,1.58,"IJ","NP",NA,NA,NA,NA,NA,NA,1860,221
"EMON","6487","N","F","ESTELLA","N","128",1992-04-27,4,NA,"CB","Duke Lemur Center",1,127,1991-12-22,12,"5721","EVITA","EMON",1981-10-01,10.23,"5720","JUAN","EMON",1978-10-01,13.23,NA,NA,NA,2.15,2.15,NA,NA,53,1992-04-29,4,2,0.29,0.07,0,0.01,NA,NA,NA,NA,1.76,"IJ","NP",NA,NA,NA,NA,NA,NA,1430,19.59
"EMON","6490","N","M","HUGO","N","129",1992-05-05,5,NA,"CB","Duke Lemur Center",1,127,1991-12-30,12,"6246","BETI","EMON",1988-05-06,3.65,"6172","JAIME","EMON",1987-04-25,4.68,2016-05-09,24.03,NA,NA,24.03,NA,NA,65.5,1992-05-07,5,2,0.29,0.07,0,0.01,NA,NA,NA,8768,1.76,"IJ","NP",NA,NA,NA,NA,NA,NA,490,5.72
"VRUB","6492","N","M","MIRFAK","N","460",1992-05-08,5,NA,"CB","Duke Lemur Center",2,103,1992-01-26,1,"6205","Galaxy","VRUB",1984-10-01,7.32,"6206","Comet","VRUB",1984-10-01,7.32,1994-11-19,2.53,NA,NA,2.53,NA,NA,590,1992-06-17,6,40,5.71,1.32,1,0.11,NA,NA,NA,885,1.65,"IJ","NP",NA,NA,NA,NA,NA,NA,3340,18.84
"VRUB","6493","N","F","MURZIM","N","461",1992-05-08,5,NA,"CB","Duke Lemur Center",2,103,1992-01-26,1,"6205","Galaxy","VRUB",1984-10-01,7.32,"6206","Comet","VRUB",1984-10-01,7.32,2010-04-14,17.95,NA,NA,17.95,2,NA,560,1992-06-17,6,40,5.71,1.32,1,0.11,NA,NA,NA,6510,1.65,"IJ","NP",NA,NA,NA,NA,NA,NA,3600,68.25
"VRUB","6494","N","F","IRIS","N","462",1992-05-11,5,NA,"CB","Duke Lemur Center",3,103,1992-01-29,1,"5587","CYNTHIA","VRUB",1981-03-30,10.84,"5629","PHOENIX","VRUB",1981-05-19,10.7,2017-02-03,24.75,NA,NA,24.75,NA,NA,340,1992-06-18,6,38,5.43,1.25,1,0.1,NA,NA,NA,8996,1.65,"IJ","NP",NA,NA,NA,NA,NA,NA,2780,291.35
"VRUB","6495","N","F","JETHYS","N","463",1992-05-11,5,NA,"CB","Duke Lemur Center",3,103,1992-01-29,1,"5587","CYNTHIA","VRUB",1981-03-30,10.84,"5629","PHOENIX","VRUB",1981-05-19,10.7,2018-11-08,26.51,NA,NA,26.51,NA,NA,340,1992-06-18,6,38,5.43,1.25,1,0.1,NA,NA,NA,9639,1.65,"IJ","NP",NA,NA,NA,NA,NA,NA,3000,163.99
"VRUB","6496","N","M","SAGITTARIUS","N","464",1992-05-11,5,NA,"CB","Duke Lemur Center",3,103,1992-01-29,1,"5587","CYNTHIA","VRUB",1981-03-30,10.84,"5629","PHOENIX","VRUB",1981-05-19,10.7,NA,NA,NA,26.42,26.42,NA,NA,380,1992-06-18,6,38,5.43,1.25,1,0.1,NA,NA,NA,NA,1.65,"IJ","NP",NA,NA,NA,NA,NA,NA,3400,66.31
"EMON","6501","N","F","CONSUELA","N","130",1992-05-19,5,NA,"CB","Duke Lemur Center",1,127,1992-01-13,1,"6077","PIEDAD","EMON",1986-04-04,5.78,"5723","PEPE","EMON",1982-10-01,9.29,2008-06-21,16.1,NA,NA,16.1,NA,NA,84.7,1992-05-27,5,8,1.14,0.26,0,0.02,NA,NA,NA,5869,1.76,"IJ","NP",NA,NA,NA,NA,NA,NA,1400,25.35
"EMON","6502","N","F","DIABLA","N","131",1992-05-25,5,NA,"CB","Duke Lemur Center",1,127,1992-01-19,1,"5952","CONCEPCION","EMON",1984-10-15,7.27,"4504","PIERROT","EMON",1976-05-15,15.69,2002-11-14,10.48,NA,NA,10.48,1,NA,66.6,1992-05-25,5,0,0,0,0,0,NA,NA,NA,3825,1.76,"IJ","NP",NA,NA,NA,NA,NA,NA,1450,31.17
"EFLA","6521","N","F","LANGE","N","62",1993-03-11,3,NA,"CB","Duke Lemur Center",1,124,1992-11-07,11,"6393","GARBO","EFLA",1987-11-01,5.02,"6248","BARRYMORE","EFLA",1988-05-09,4.5,2007-05-07,14.16,NA,NA,14.16,2,NA,189.1,1993-03-23,3,12,1.71,0.39,0,0.03,NA,NA,NA,5158,1.58,"IJ","NP",NA,NA,NA,NA,NA,NA,2680,165.24
"EFLA","6525","N","F","PFEIFFER","N","63",1993-03-13,3,NA,"CB","Duke Lemur Center",1,124,1992-11-09,11,"6042","BACALL","EFLA",1983-10-01,9.12,"6039","BOGART","EFLA",1983-10-01,9.12,2016-09-22,23.55,NA,NA,23.55,NA,NA,73.7,1993-03-14,3,1,0.14,0.03,0,0,NA,NA,NA,8593,1.58,"IJ","NP",NA,NA,NA,NA,NA,NA,2590,108.1
"EMON","6537","N","M","CONCEPCION-B","N","1114",1993-04-01,4,NA,"CB","Duke Lemur Center",1,127,1992-11-25,11,"5952","CONCEPCION","EMON",1984-10-15,8.12,"4504","PIERROT","EMON",1976-05-15,16.54,1993-04-04,0.01,NA,NA,0.01,NA,NA,68.3,1993-04-01,4,0,0,0,0,0,NA,NA,NA,3,1.76,"IJ","NP",NA,NA,NA,NA,NA,NA,68.3,0
"EMON","6543","N","M","EDUARDO","N","140",1993-04-11,4,NA,"CB","Duke Lemur Center",1,127,1992-12-05,12,"6263","Moheli","EMON",1987-05-13,5.57,"6226","JORGE","EMON",1988-04-15,4.64,NA,NA,NA,25.69,25.69,NA,NA,82,1993-04-15,4,4,0.57,0.13,0,0.01,NA,NA,NA,NA,1.76,"IJ","NP",NA,NA,NA,NA,NA,NA,1520,198.51
"EMON","6544","N","F","PEPITA","N","1115",1993-04-14,4,NA,"CB","Duke Lemur Center",1,127,1992-12-08,12,"6077","PIEDAD","EMON",1986-04-04,6.68,"5723","PEPE","EMON",1982-10-01,10.19,1993-05-29,0.12,NA,NA,0.12,NA,NA,61,1993-04-15,4,1,0.14,0.03,0,0,NA,NA,NA,44,1.76,"IJ","NP",NA,NA,NA,NA,NA,NA,160,1.48
"EMON","6545","N","M","GUILLERMO","N","142",1993-05-11,5,NA,"CB","Duke Lemur Center",1,127,1993-01-04,1,"6102","Flor","EMON",1986-05-20,6.63,"6237","FABIO","EMON",1988-04-23,4.7,NA,NA,NA,25.67,25.67,1,NA,51.5,1993-05-12,5,1,0.14,0.03,0,0,NA,NA,NA,NA,1.76,"IJ","NP",NA,NA,NA,NA,NA,NA,1400,174.41
"EMON","6551","N","F","XIMENA","N","1200",1993-05-18,5,NA,"CB","Duke Lemur Center",1,127,1993-01-11,1,"5724","ELENA","EMON",1982-10-01,10.29,"5722","Sancho","EMON",1982-10-01,10.29,1995-09-14,2.33,NA,NA,2.33,NA,NA,65,1993-05-19,5,1,0.14,0.03,0,0,NA,NA,NA,848,1.76,"IJ","NP",NA,NA,NA,NA,NA,NA,1500,18.67
"EFLA","6569","N","F","Kidman","Y","68",1994-03-15,3,NA,"CB","Duke Lemur Center",1,124,1993-11-11,11,"6395","LAMOUR","EFLA",1989-11-01,4.03,"6288","ROONEY","EFLA",1989-03-19,4.65,NA,NA,24.92,NA,24.92,4,NA,99.2,1994-03-16,3,1,0.14,0.03,0,0,NA,NA,NA,NA,1.58,"IJ","NP",NA,NA,NA,NA,NA,NA,2580,298.72
"EFLA","6570","N","M","CRUISE","N","69",1994-03-18,3,NA,"CB","Duke Lemur Center",1,124,1993-11-14,11,"6461","BARDOT","EFLA",1992-03-13,1.67,"6288","ROONEY","EFLA",1989-03-19,4.66,2016-12-22,22.78,NA,NA,22.78,NA,NA,90.6,1994-03-18,3,0,0,0,0,0,NA,NA,NA,8315,1.58,"IJ","NP",NA,NA,NA,NA,NA,NA,2120,108.76
"EFLA","6577","N","M","MONROE-B","N","70",1994-03-23,3,NA,"CB","Duke Lemur Center",1,124,1993-11-19,11,"6394","MONROE","EFLA",1988-11-01,5.05,"6340","STEWART","EFLA",1990-03-09,3.7,1994-03-23,0,NA,NA,0,NA,NA,101.1,1994-03-23,3,0,0,0,0,0,NA,NA,NA,0,1.58,"IJ","NP",NA,NA,NA,NA,NA,NA,101.1,0
"EFLA","6584","N","F","HEPBURN-B","N","74",1994-04-14,4,NA,"CB","Duke Lemur Center",1,124,1993-12-11,12,"6041","HEPBURN","EFLA",1983-10-01,10.2,"6040","TRACY","EFLA",1983-10-01,10.2,1994-04-14,0,NA,NA,0,NA,NA,70.7,1994-04-14,4,0,0,0,0,0,NA,NA,NA,0,1.58,"IJ","NP",NA,NA,NA,NA,NA,NA,70.7,0
"VRUB","6590","N","M","Minias","Y","578",1994-04-26,4,NA,"CB","Duke Lemur Center",2,103,1994-01-13,1,"6203","STAR","VRUB",1984-10-01,9.29,"6241","TROMDENUS","VRUB",1988-04-30,5.71,NA,NA,24.8,NA,24.8,3,NA,2930,1994-09-09,9,136,19.43,4.47,4,0.37,NA,NA,NA,NA,1.65,"IJ","NP",NA,NA,NA,NA,NA,NA,3440,297.34
"VRUB","6591","N","M","THETIS","N","579",1994-04-26,4,NA,"CB","Duke Lemur Center",2,103,1994-01-13,1,"6203","STAR","VRUB",1984-10-01,9.29,"6241","TROMDENUS","VRUB",1988-04-30,5.71,NA,NA,NA,24.71,24.71,NA,NA,2770,1994-09-09,9,136,19.43,4.47,4,0.37,NA,NA,NA,NA,1.65,"IJ","NP",NA,NA,NA,NA,NA,NA,3960,44.65
"VRUB","6592","N","M","CHAMAELEON","N","581",1994-05-02,5,NA,"CB","Duke Lemur Center",2,103,1994-01-19,1,"6205","Galaxy","VRUB",1984-10-01,9.31,"6206","Comet","VRUB",1984-10-01,9.31,NA,NA,NA,24.67,24.67,5,NA,2690,1994-09-20,9,141,20.14,4.64,4,0.39,NA,NA,NA,NA,1.65,"IJ","NP",NA,NA,NA,NA,NA,NA,4080,30.21
"VRUB","6593","N","M","HYDRUS","N","582",1994-05-02,5,NA,"CB","Duke Lemur Center",2,103,1994-01-19,1,"6205","Galaxy","VRUB",1984-10-01,9.31,"6206","Comet","VRUB",1984-10-01,9.31,2000-03-21,5.89,NA,NA,5.89,NA,NA,2420,1994-09-20,9,141,20.14,4.64,4,0.39,NA,NA,NA,2009,1.65,"IJ","NP",NA,NA,NA,NA,NA,NA,3480,23.54
"EMON","6606","N","F","CECILIA","N","148",1994-06-15,6,NA,"CB","Duke Lemur Center",1,127,1994-02-08,2,"6396","ANITA","EMON",1988-05-19,5.73,"4504","PIERROT","EMON",1976-05-15,17.75,NA,NA,NA,24.5,24.5,NA,NA,650,1994-11-30,11,168,24,5.52,5,0.46,NA,NA,NA,NA,1.76,"IJ","NP",NA,NA,NA,NA,NA,NA,1680,76.6
"EFLA","6614","N","M","HOPPER","N","77",1995-03-07,3,NA,"CB","Duke Lemur Center",1,124,1994-11-03,11,"6233","GARLAND","EFLA",1988-04-22,6.54,"6187","GARFIELD","EFLA",1987-05-12,7.48,1997-07-29,2.4,NA,NA,2.4,NA,NA,112.4,1995-03-14,3,7,1,0.23,0,0.02,NA,NA,NA,868,1.58,"IJ","NP",NA,NA,NA,NA,NA,NA,2290,23.44
"EFLA","6617","N","F","STREEP","N","78",1995-03-17,3,NA,"CB","Duke Lemur Center",1,124,1994-11-13,11,"6041","HEPBURN","EFLA",1983-10-01,11.13,"6039","BOGART","EFLA",1983-10-01,11.13,NA,NA,23.91,NA,23.91,NA,NA,350,1995-05-06,5,50,7.14,1.64,1,0.14,NA,NA,NA,NA,1.58,"IJ","NP",NA,NA,NA,NA,NA,NA,2280,67.17
"EFLA","6626","N","M","NEWMAN","N","80",1995-04-01,4,NA,"CB","Duke Lemur Center",1,124,1994-11-28,11,"6393","GARBO","EFLA",1987-11-01,7.08,"6340","STEWART","EFLA",1990-03-09,4.73,2003-11-14,8.63,NA,NA,8.63,5,NA,120,1995-04-10,4,9,1.29,0.3,0,0.02,NA,NA,NA,3140,1.58,"IJ","NP",NA,NA,NA,NA,NA,NA,2060,39.22
"EFLA","6627","N","M","GIBSON","N","83",1995-04-05,4,NA,"CB","Duke Lemur Center",1,124,1994-12-02,12,"6521","LANGE","EFLA",1993-03-11,1.73,"6340","STEWART","EFLA",1990-03-09,4.74,2012-06-03,17.18,NA,NA,17.18,2,NA,105,1995-04-10,4,5,0.71,0.16,0,0.01,NA,NA,NA,6264,1.58,"IJ","NP",NA,NA,NA,NA,NA,NA,2100,22.32
"EMON","6630","N","F","ROSALITA","N","154",1995-04-09,4,NA,"CB","Duke Lemur Center",1,127,1994-12-03,12,"6263","Moheli","EMON",1987-05-13,7.56,"6226","JORGE","EMON",1988-04-15,6.64,2017-09-21,22.47,NA,NA,22.47,1,NA,748.4,1995-08-22,8,135,19.29,4.44,4,0.37,NA,NA,NA,8066,1.76,"IJ","NP",NA,NA,NA,NA,NA,NA,1440,151.46
"VRUB","6633","N","F","Pyxis II","Y","601",1995-04-29,4,NA,"CB","Duke Lemur Center",1,103,1995-01-16,1,"6205","Galaxy","VRUB",1984-10-01,10.3,"6206","Comet","VRUB",1984-10-01,10.3,NA,NA,23.79,NA,23.79,18,NA,1360,1995-08-01,8,94,13.43,3.09,3,0.26,NA,NA,NA,NA,1.65,"IJ","NP",NA,NA,NA,NA,NA,NA,4180,285.04
"EMON","6644","N","M","JOSE-LUIS","N","156",1995-05-19,5,NA,"CB","Duke Lemur Center",1,127,1995-01-12,1,"6396","ANITA","EMON",1988-05-19,6.65,"4504","PIERROT","EMON",1976-05-15,18.67,NA,NA,NA,18.73,18.73,NA,NA,200,1995-06-20,6,32,4.57,1.05,1,0.09,NA,NA,NA,NA,1.76,"IJ","NP",NA,NA,NA,NA,NA,NA,1460,148.6
"EMON","6645","N","F","Guadalupe","N","157",1995-05-26,5,NA,"CB","Duke Lemur Center",1,127,1995-01-19,1,"5952","CONCEPCION","EMON",1984-10-15,10.27,"6344","Julio","EMON",1990-03-19,4.84,2014-11-26,19.52,NA,NA,19.52,NA,NA,150,1995-07-13,7,48,6.86,1.58,1,0.13,NA,NA,NA,7076,1.76,"IJ","NP",NA,NA,NA,NA,NA,NA,1400,233.56
"EFLA","6654","N","F","HEPBURN-C","N","87",1996-03-11,3,NA,"CB","Duke Lemur Center",1,124,1995-11-08,11,"6041","HEPBURN","EFLA",1983-10-01,12.11,"6039","BOGART","EFLA",1983-10-01,12.11,1996-03-13,0.01,NA,NA,0.01,NA,NA,44,1996-03-13,3,2,0.29,0.07,0,0.01,NA,NA,NA,0,1.58,"IJ","NP",NA,NA,NA,NA,NA,NA,44,0.07
"EFLA","6655","N","M","Hopkins","N","88",1996-03-11,3,NA,"CB","Duke Lemur Center",1,124,1995-11-08,11,"6233","GARLAND","EFLA",1988-04-22,7.55,"6187","GARFIELD","EFLA",1987-05-12,8.5,2015-03-21,19.04,NA,NA,19.04,2,NA,194,1996-03-26,3,15,2.14,0.49,0,0.04,NA,NA,NA,6934,1.58,"IJ","NP",NA,NA,NA,NA,NA,NA,2760,222.58
"EFLA","6657","N","F","Foster","N","89",1996-03-14,3,NA,"CB","Duke Lemur Center",1,124,1995-11-11,11,"6393","GARBO","EFLA",1987-11-01,8.03,"6340","STEWART","EFLA",1990-03-09,5.68,2013-12-20,17.78,NA,NA,17.78,13,NA,102,1996-03-20,3,6,0.86,0.2,0,0.02,NA,NA,NA,6484,1.58,"IJ","NP",NA,NA,NA,NA,NA,NA,3160,211.92
"EMON","6675","N","M","FELIX","N","1204",1996-04-16,4,NA,"CB","Duke Lemur Center",1,127,1995-12-11,12,"6263","Moheli","EMON",1987-05-13,8.59,"5955","FIDEL","EMON",1985-01-13,10.92,NA,NA,NA,22.73,22.73,NA,NA,1200,1997-04-14,4,363,51.86,11.93,11,0.99,NA,NA,NA,NA,1.76,"IJ","NP",NA,NA,NA,NA,NA,NA,1400,89.52
"EMON","6676","N","M","Felipe","N","1205",1996-04-22,4,NA,"CB","Duke Lemur Center",1,127,1995-12-17,12,"5952","CONCEPCION","EMON",1984-10-15,11.18,"6344","Julio","EMON",1990-03-19,5.75,NA,NA,NA,22.65,22.65,2,NA,78,1996-05-02,5,10,1.43,0.33,0,0.03,NA,NA,NA,NA,1.76,"IJ","NP",NA,NA,NA,NA,NA,NA,1385,200.81
"VRUB","6684","N","M","Hunter","Y","617",1996-05-17,5,NA,"CB","Duke Lemur Center",3,103,1996-02-04,2,"6203","STAR","VRUB",1984-10-01,11.35,"6241","TROMDENUS","VRUB",1988-04-30,7.77,NA,NA,22.74,NA,22.74,16,NA,660,1996-06-19,6,33,4.71,1.08,1,0.09,NA,NA,NA,NA,1.65,"IJ","NP",NA,NA,NA,NA,NA,NA,4120,271.23
"VRUB","6685","N","F","UNICORN","N","618",1996-05-17,5,NA,"CB","Duke Lemur Center",3,103,1996-02-04,2,"6203","STAR","VRUB",1984-10-01,11.35,"6241","TROMDENUS","VRUB",1988-04-30,7.77,2017-10-26,21.46,NA,NA,21.46,4,NA,690,1996-06-19,6,33,4.71,1.08,1,0.09,NA,NA,NA,7799,1.65,"IJ","NP",NA,NA,NA,NA,NA,NA,3250,40.14
"EMON","6686","N","F","PHILENA","N","1207",1996-05-17,5,NA,"CB","Duke Lemur Center",1,127,1996-01-11,1,"6396","ANITA","EMON",1988-05-19,7.65,"4504","PIERROT","EMON",1976-05-15,19.67,2013-01-10,16.66,NA,NA,16.66,1,NA,1050,1997-02-05,2,264,37.71,8.68,8,0.72,NA,NA,NA,5818,1.76,"IJ","NP",NA,NA,NA,NA,NA,NA,1370,48.03
"EFLA","6697","N","M","Hepburn-D","N","123",1997-03-12,3,NA,"CB","Duke Lemur Center",1,124,1996-11-08,11,"6041","HEPBURN","EFLA",1983-10-01,13.12,"6039","BOGART","EFLA",1983-10-01,13.12,1997-03-13,0,NA,NA,0,NA,NA,56,1997-03-13,3,1,0.14,0.03,0,0,NA,NA,NA,0,1.58,"IJ","NP",NA,NA,NA,NA,NA,NA,56,0.03
"EFLA","6698","N","M","TRAVOLTA","N","95",1997-03-15,3,NA,"CB","Duke Lemur Center",1,124,1996-11-11,11,"6393","GARBO","EFLA",1987-11-01,9.04,"6340","STEWART","EFLA",1990-03-09,6.68,NA,NA,NA,21.73,21.73,1,NA,108,1997-03-18,3,3,0.43,0.1,0,0.01,NA,NA,NA,NA,1.58,"IJ","NP",NA,NA,NA,NA,NA,NA,2460,43.2
"EFLA","6699","N","M","SINATRA","N","96",1997-03-20,3,NA,"CB","Duke Lemur Center",1,124,1996-11-16,11,"6395","LAMOUR","EFLA",1989-11-01,7.05,"6462","Redford","EFLA",1992-03-13,4.68,2013-05-29,16.2,NA,NA,16.2,NA,NA,262,1997-04-15,4,26,3.71,0.85,0,0.07,NA,NA,NA,5888,1.58,"IJ","NP",NA,NA,NA,NA,NA,NA,1670,15.58
"EMON","6700","N","F","Adrianna","N","1217",1997-03-21,3,NA,"CB","Duke Lemur Center",1,127,1996-11-14,11,"6102","Flor","EMON",1986-05-20,10.5,"6237","FABIO","EMON",1988-04-23,8.57,NA,NA,NA,16.89,16.89,NA,NA,54,1997-03-21,3,0,0,0,0,0,NA,NA,NA,NA,1.76,"IJ","NP",NA,NA,NA,NA,NA,NA,1740,126.51
"EFLA","6701","N","F","THURMAN","N","97",1997-03-22,3,NA,"CB","Duke Lemur Center",1,124,1996-11-18,11,"6521","LANGE","EFLA",1993-03-11,3.69,"6340","STEWART","EFLA",1990-03-09,6.7,NA,NA,NA,21.78,21.78,NA,NA,454,1997-05-22,5,61,8.71,2.01,2,0.17,NA,NA,NA,NA,1.58,"IJ","NP",NA,NA,NA,NA,NA,NA,2720,72.59
"EFLA","6702","N","F","DERN","N","100",1997-03-30,3,NA,"CB","Duke Lemur Center",1,124,1996-11-26,11,"6042","BACALL","EFLA",1983-10-01,13.16,"6409","CAGNEY","EFLA",1991-03-30,5.67,NA,NA,NA,17.04,17.04,NA,NA,252,1997-04-24,4,25,3.57,0.82,0,0.07,NA,NA,NA,NA,1.58,"IJ","NP",NA,NA,NA,NA,NA,NA,1290,5.85
"EMON","6713","N","M","MERCEDES","N","1218",1997-04-18,4,NA,"CB","Duke Lemur Center",1,127,1996-12-12,12,"6263","Moheli","EMON",1987-05-13,9.59,"5955","FIDEL","EMON",1985-01-13,11.92,NA,NA,NA,21.73,21.73,NA,NA,360,1997-06-30,6,73,10.43,2.4,2,0.2,NA,NA,NA,NA,1.76,"IJ","NP",NA,NA,NA,NA,NA,NA,1400,134.01
"EMON","6717","N","M","Paco","N","1219",1997-06-26,6,NA,"CB","Duke Lemur Center",1,127,1997-02-19,2,"5952","CONCEPCION","EMON",1984-10-15,12.36,"6344","Julio","EMON",1990-03-19,6.93,2017-04-05,19.79,NA,NA,19.79,5,NA,250,1997-09-16,9,82,11.71,2.7,2,0.22,NA,NA,NA,7141,1.76,"IJ","NP",NA,NA,NA,NA,NA,NA,1380,237.47
"EFLA","6749","N","M","Monroe-C","N","118",1999-04-18,4,NA,"CB","Duke Lemur Center",1,124,1998-12-15,12,"6394","MONROE","EFLA",1988-11-01,10.13,"6407","Olivier","EFLA",1991-03-28,7.72,1999-04-18,0,NA,NA,0,NA,NA,106,1999-04-18,4,0,0,0,0,0,NA,NA,NA,0,1.58,"IJ","NP",NA,NA,NA,NA,NA,NA,106,0
"VRUB","6751","N","M","Rastoban","N","747",1999-05-17,5,NA,"CB","Duke Lemur Center",2,103,1999-02-03,2,"6203","STAR","VRUB",1984-10-01,14.35,"6241","TROMDENUS","VRUB",1988-04-30,10.77,NA,NA,NA,19.54,19.54,NA,NA,178,1999-05-20,5,3,0.43,0.1,0,0.01,NA,NA,NA,NA,1.65,"IJ","NP",NA,NA,NA,NA,NA,NA,1800,4.14
"VRUB","6752","N","M","Kornephoros","N","748",1999-05-17,5,NA,"CB","Duke Lemur Center",2,103,1999-02-03,2,"6203","STAR","VRUB",1984-10-01,14.35,"6241","TROMDENUS","VRUB",1988-04-30,10.77,2017-12-22,18.61,NA,NA,18.61,NA,NA,174,1999-05-20,5,3,0.43,0.1,0,0.01,NA,NA,NA,6791,1.65,"IJ","NP",NA,NA,NA,NA,NA,NA,1840,4.14
"EFLA","6762","N","M","Kilmer","N","121",2000-03-20,3,NA,"CB","Duke Lemur Center",1,124,1999-11-17,11,"6041","HEPBURN","EFLA",1983-10-01,16.14,"6698","TRAVOLTA","EFLA",1997-03-15,2.68,NA,NA,18.9,NA,18.9,2,NA,55,2000-03-20,3,0,0,0,0,0,NA,NA,NA,NA,1.58,"IJ","NP",NA,NA,NA,NA,NA,NA,2180,94.26
"EFLA","6776","N","M","Quinn","Y","132",2001-03-09,3,NA,"CB","Duke Lemur Center",1,124,2000-11-05,11,"6393","GARBO","EFLA",1987-11-01,13.02,"6039","BOGART","EFLA",1983-10-01,17.11,NA,NA,17.93,NA,17.93,5,NA,73,2001-03-09,3,0,0,0,0,0,NA,NA,NA,NA,1.58,"IJ","NP",NA,NA,NA,NA,NA,NA,2660,214.65
"EFLA","6778","N","M","Foster-A","N","133",2001-03-13,3,NA,"CB","Duke Lemur Center",1,124,2000-11-09,11,"6657","Foster","EFLA",1996-03-14,4.66,"6039","BOGART","EFLA",1983-10-01,17.12,2001-03-14,0,NA,NA,0,NA,NA,79,2001-03-13,3,0,0,0,0,0,NA,NA,NA,1,1.58,"IJ","NP",NA,NA,NA,NA,NA,NA,71,0.03
"EFLA","6793","N","F","Witherspoon","N","136",2002-03-04,3,NA,"CB","Duke Lemur Center",1,124,2001-10-31,10,"6657","Foster","EFLA",1996-03-14,5.64,"6039","BOGART","EFLA",1983-10-01,18.1,2006-01-06,3.85,NA,NA,3.85,NA,NA,134,2002-03-12,3,8,1.14,0.26,0,0.02,NA,NA,NA,1396,1.58,"IJ","NP",NA,NA,NA,NA,NA,NA,2240,46.16
"VRUB","6802","N","F","Little Dipper","N","949",2002-05-26,5,NA,"CB","Duke Lemur Center",1,103,2002-02-12,2,"6633","Pyxis II","VRUB",1995-04-29,6.8,"6684","Hunter","VRUB",1996-05-17,5.75,NA,NA,NA,16.58,16.58,NA,NA,130,2002-05-27,5,1,0.14,0.03,0,0,NA,NA,NA,NA,1.65,"IJ","NP",NA,NA,NA,NA,NA,NA,3220,75.16
"EFLA","6809","N","F","Foster-B","N","159",2003-03-19,3,NA,"CB","Duke Lemur Center",1,124,2002-11-15,11,"6657","Foster","EFLA",1996-03-14,6.68,"6039","BOGART","EFLA",1983-10-01,19.14,2003-03-19,0,NA,NA,0,NA,NA,90,2003-03-19,3,0,0,0,0,0,NA,NA,NA,0,1.58,"IJ","NP",NA,NA,NA,NA,NA,NA,90,0
"EFLA","6829","N","F","Alley","N","167",2004-03-08,3,NA,"CB","Duke Lemur Center",1,124,2003-11-05,11,"6657","Foster","EFLA",1996-03-14,7.65,"6039","BOGART","EFLA",1983-10-01,20.11,2005-05-25,1.21,NA,NA,1.21,NA,NA,82,2004-03-08,3,0,0,0,0,0,NA,NA,NA,443,1.58,"IJ","NP",NA,NA,NA,NA,NA,NA,1880,14.33
"VRUB","6838","N","F","Carina","N","970",2004-05-11,5,NA,"CB","Duke Lemur Center",2,103,2004-01-29,1,"6633","Pyxis II","VRUB",1995-04-29,8.76,"6684","Hunter","VRUB",1996-05-17,7.71,NA,NA,NA,14.56,14.56,5,NA,128,2004-05-12,5,1,0.14,0.03,0,0,NA,NA,NA,NA,1.65,"IJ","NP",NA,NA,NA,NA,NA,NA,3500,124.54
"VRUB","6839","N","F","Cassiopea","N","971",2004-05-11,5,NA,"CB","Duke Lemur Center",2,103,2004-01-29,1,"6633","Pyxis II","VRUB",1995-04-29,8.76,"6684","Hunter","VRUB",1996-05-17,7.71,NA,NA,NA,13.97,13.97,NA,NA,116,2004-05-12,5,1,0.14,0.03,0,0,NA,NA,NA,NA,1.65,"IJ","NP",NA,NA,NA,NA,NA,NA,3500,52.11
"EFLA","6853","N","F","Foster-C","N","169",2005-03-13,3,NA,"CB","Duke Lemur Center",1,124,2004-11-09,11,"6657","Foster","EFLA",1996-03-14,8.66,"6039","BOGART","EFLA",1983-10-01,21.12,2005-03-14,0,NA,NA,0,NA,NA,68,2005-03-14,3,1,0.14,0.03,0,0,NA,NA,NA,0,1.58,"IJ","NP",NA,NA,NA,NA,NA,NA,68,0.03
"VRUB","6895","N","M","Scorpius","N","1504",2007-07-02,7,"D02","CB","Duke Lemur Center",2,103,2007-03-21,3,"6633","Pyxis II","VRUB",1995-04-29,11.9,"6684","Hunter","VRUB",1996-05-17,10.85,NA,NA,NA,11.25,11.25,NA,"D02",153,2007-07-05,7,3,0.43,0.1,0,0.01,NA,NA,NA,NA,1.65,"IJ","NP",NA,NA,NA,NA,NA,NA,3505,75.29
"VRUB","6896","N","M","Aries","N","1503",2007-07-02,7,"D02","CB","Duke Lemur Center",2,103,2007-03-21,3,"6633","Pyxis II","VRUB",1995-04-29,11.9,"6684","Hunter","VRUB",1996-05-17,10.85,NA,NA,NA,11.25,11.25,NA,"D02",141,2007-07-05,7,3,0.43,0.1,0,0.01,NA,NA,NA,NA,1.65,"IJ","NP",NA,NA,NA,NA,NA,NA,3250,75.29
"EFLA","6906","N","M","Foster-E","N","198",2008-03-20,3,NA,"CB","Duke Lemur Center",1,124,2007-11-17,11,"6657","Foster","EFLA",1996-03-14,11.68,"6407","Olivier","EFLA",1991-03-28,16.65,2008-03-20,0,NA,NA,0,NA,NA,92,2008-03-20,3,0,0,0,0,0,NA,NA,NA,0,1.58,"IJ","NP",NA,NA,NA,NA,NA,NA,92,0
"EMON","6907","N","F","Maddie","Y","1261",2006-06-02,6,NA,"CB","Potter Park Zoological Gardens",NA,127,2006-01-26,1,"6686","PHILENA","EMON",1996-05-17,9.7,"6425","ALEJANDRO","EMON",1991-04-15,14.79,NA,NA,12.69,NA,12.69,5,NA,1230,2008-04-21,4,689,98.43,22.65,22,1.89,NA,NA,NA,NA,1.76,"young_adult","NP",NA,NA,NA,NA,NA,NA,1560,151.89
"VRUB","6911","N","M","Avior","N","1538",2008-05-24,5,NA,"CB","Duke Lemur Center",3,103,2008-02-11,2,"6838","Carina","VRUB",2004-05-11,3.76,"6310","Alphard","VRUB",1989-04-22,18.82,NA,NA,NA,10.61,10.61,NA,NA,113,2008-05-24,5,0,0,0,0,0,NA,NA,NA,NA,1.65,"IJ","NP",NA,NA,NA,NA,NA,NA,3025,86.86
"VRUB","6912","N","F","Hydra II","N","1540",2008-05-24,5,NA,"CB","Duke Lemur Center",3,103,2008-02-11,2,"6838","Carina","VRUB",2004-05-11,3.76,"6310","Alphard","VRUB",1989-04-22,18.82,NA,NA,NA,10.52,10.52,NA,NA,110,2008-05-24,5,0,0,0,0,0,NA,NA,NA,NA,1.65,"IJ","NP",NA,NA,NA,NA,NA,NA,4180,42.64
"VRUB","6913","N","F","Lyra","N","1539",2008-05-24,5,NA,"CB","Duke Lemur Center",3,103,2008-02-11,2,"6838","Carina","VRUB",2004-05-11,3.76,"6310","Alphard","VRUB",1989-04-22,18.82,NA,NA,NA,10.54,10.54,NA,NA,96,2008-05-24,5,0,0,0,0,0,NA,NA,NA,NA,1.65,"IJ","NP",NA,NA,NA,NA,NA,NA,4110,44.81
"EFLA","6939","N","M","Belushi","N","199",2009-03-23,3,NA,"CB","Duke Lemur Center",2,124,2008-11-19,11,"6657","Foster","EFLA",1996-03-14,12.69,"6407","Olivier","EFLA",1991-03-28,17.66,NA,NA,9.88,NA,9.88,NA,NA,334,2009-06-03,6,72,10.29,2.37,2,0.2,NA,NA,NA,NA,1.58,"IJ","NP",NA,NA,NA,NA,NA,NA,2380,77.92
"EFLA","6940","N","M","Akroyd","N","200",2009-03-23,3,NA,"CB","Duke Lemur Center",2,124,2008-11-19,11,"6657","Foster","EFLA",1996-03-14,12.69,"6407","Olivier","EFLA",1991-03-28,17.66,NA,NA,9.88,NA,9.88,NA,NA,280,2009-05-24,5,62,8.86,2.04,2,0.17,NA,NA,NA,NA,1.58,"IJ","NP",NA,NA,NA,NA,NA,NA,2300,77.92
"VRUB","6945","N","F","Esther","N","1577",2009-04-29,4,NA,"CB","Duke Lemur Center",3,103,2009-01-16,1,"6633","Pyxis II","VRUB",1995-04-29,13.73,"6684","Hunter","VRUB",1996-05-17,12.68,NA,NA,NA,8.91,8.91,NA,NA,110,2009-04-30,4,1,0.14,0.03,0,0,NA,NA,NA,NA,1.65,"IJ","NP",NA,NA,NA,NA,NA,NA,4035,54.12
"VRUB","6946","N","F","Phoebe","N","1579",2009-04-29,4,NA,"CB","Duke Lemur Center",3,103,2009-01-16,1,"6633","Pyxis II","VRUB",1995-04-29,13.73,"6684","Hunter","VRUB",1996-05-17,12.68,NA,NA,NA,9.42,9.42,NA,NA,123,2009-04-30,4,1,0.14,0.03,0,0,NA,NA,NA,NA,1.65,"IJ","NP",NA,NA,NA,NA,NA,NA,4320,53.39
"VRUB","6947","N","M","Orion JR","N","1578",2009-04-29,4,NA,"CB","Duke Lemur Center",3,103,2009-01-16,1,"6633","Pyxis II","VRUB",1995-04-29,13.73,"6684","Hunter","VRUB",1996-05-17,12.68,NA,NA,NA,9.42,9.42,NA,NA,120,2009-04-30,4,1,0.14,0.03,0,0,NA,NA,NA,NA,1.65,"IJ","NP",NA,NA,NA,NA,NA,NA,3715,54.25
"EFLA","6969","N","M","Presley","Y","201",2010-03-21,3,NA,"CB","Duke Lemur Center",2,124,2009-11-17,11,"6657","Foster","EFLA",1996-03-14,13.69,"6407","Olivier","EFLA",1991-03-28,18.65,NA,NA,8.89,NA,8.89,NA,NA,296,2010-04-29,4,39,5.57,1.28,1,0.11,NA,NA,NA,NA,1.58,"IJ","NP",NA,NA,NA,NA,NA,NA,2380,106.39
"EFLA","6970","N","F","Margret","Y","202",2010-03-21,3,NA,"CB","Duke Lemur Center",2,124,2009-11-17,11,"6657","Foster","EFLA",1996-03-14,13.69,"6407","Olivier","EFLA",1991-03-28,18.65,NA,NA,8.89,NA,8.89,5,NA,280,2010-04-29,4,39,5.57,1.28,1,0.11,NA,NA,NA,NA,1.58,"IJ","NP",NA,NA,NA,NA,NA,NA,2420,106.06
"EMON","6972","N","F","Carolina","Y","1267",2010-04-03,4,NA,"CB","Duke Lemur Center",1,127,2009-11-27,11,"6907","Maddie","EMON",2006-06-02,3.49,"6390","Pedro","EMON",1990-06-17,19.46,NA,NA,8.85,NA,8.85,5,NA,58,2010-04-04,4,1,0.14,0.03,0,0,NA,NA,NA,NA,1.76,"IJ","NP",NA,NA,NA,NA,NA,NA,1520,105.96
"EMON","6991","N","F","Olivia","N","1268",2011-04-11,4,NA,"CB","Duke Lemur Center",1,127,2010-12-05,12,"6263","Moheli","EMON",1987-05-13,23.58,"6676","Felipe","EMON",1996-04-22,14.63,NA,NA,NA,7.66,7.66,NA,NA,77,2011-04-11,4,0,0,0,0,0,NA,NA,NA,NA,1.76,"IJ","NP",NA,NA,NA,NA,NA,NA,1440,43.07
"EFLA","6993","N","F","West","Y","203",2011-04-24,4,NA,"CB","Duke Lemur Center",1,124,2010-12-21,12,"6657","Foster","EFLA",1996-03-14,14.78,"6407","Olivier","EFLA",1991-03-28,19.75,NA,NA,7.79,NA,7.79,6,NA,675,2011-08-02,8,100,14.29,3.29,3,0.27,NA,NA,NA,NA,1.58,"IJ","NP",NA,NA,NA,NA,NA,NA,2820,93.07
"VRUB","6994","N","F","Cordelia","N","1710",2011-05-10,5,NA,"CB","Duke Lemur Center",2,103,2011-01-27,1,"6838","Carina","VRUB",2004-05-11,6.72,"6310","Alphard","VRUB",1989-04-22,21.78,NA,NA,NA,7.66,7.66,NA,NA,130,2011-05-10,5,0,0,0,0,0,NA,NA,NA,NA,1.65,"IJ","NP",NA,NA,NA,NA,NA,NA,3640,41.29
"VRUB","6995","N","F","Pandora","Y","1711",2011-05-10,5,NA,"CB","Duke Lemur Center",2,103,2011-01-27,1,"6838","Carina","VRUB",2004-05-11,6.72,"6310","Alphard","VRUB",1989-04-22,21.78,NA,NA,7.75,NA,7.75,8,NA,120,2011-05-10,5,0,0,0,0,0,NA,NA,NA,NA,1.65,"IJ","NP",NA,NA,NA,NA,NA,NA,4480,92.42
"EMON","7088","N","M","Ernesto","N","1276",2012-04-09,4,NA,"CB","Duke Lemur Center",1,127,2011-12-04,12,"6907","Maddie","EMON",2006-06-02,5.51,"6717","Paco","EMON",1997-06-26,14.45,NA,NA,NA,6.74,6.74,NA,NA,59,2012-04-09,4,0,0,0,0,0,NA,NA,NA,NA,1.76,"IJ","NP",NA,NA,NA,NA,NA,NA,1355,30.41
"VRUB","7093","N","M","Titan","N","1759",2012-05-10,5,NA,"CB","Duke Lemur Center",4,103,2012-01-28,1,"6633","Pyxis II","VRUB",1995-04-29,16.76,"6684","Hunter","VRUB",1996-05-17,15.71,NA,NA,NA,5.04,5.04,NA,NA,130,2012-05-10,5,0,0,0,0,0,NA,NA,NA,NA,1.65,"IJ","NP",NA,NA,NA,NA,NA,NA,3910,59.77
"VRUB","7094","N","M","Puck","N","1760",2012-05-10,5,NA,"CB","Duke Lemur Center",4,103,2012-01-28,1,"6633","Pyxis II","VRUB",1995-04-29,16.76,"6684","Hunter","VRUB",1996-05-17,15.71,NA,NA,NA,5.04,5.04,NA,NA,119,2012-05-10,5,0,0,0,0,0,NA,NA,NA,NA,1.65,"IJ","NP",NA,NA,NA,NA,NA,NA,3740,59.77
"VRUB","7095","N","F","Carme II","N","1761",2012-05-10,5,NA,"CB","Duke Lemur Center",4,103,2012-01-28,1,"6633","Pyxis II","VRUB",1995-04-29,16.76,"6684","Hunter","VRUB",1996-05-17,15.71,NA,NA,NA,5.04,5.04,NA,NA,105,2012-05-10,5,0,0,0,0,0,NA,NA,NA,NA,1.65,"IJ","NP",NA,NA,NA,NA,NA,NA,3960,59.77
"EFLA","7140","N","M","Hiddleston","Y","204",2013-03-24,3,NA,"CB","Duke Lemur Center",1,124,2012-11-20,11,"6993","West","EFLA",2011-04-24,1.58,"6655","Hopkins","EFLA",1996-03-11,16.71,NA,NA,5.88,NA,5.88,4,NA,82,2013-03-24,3,0,0,0,0,0,NA,NA,NA,NA,1.58,"IJ","NP",NA,NA,NA,NA,NA,NA,2360,70.26
"EFLA","7141","N","F","Poots","N","205",2013-03-27,3,NA,"CB","Duke Lemur Center",1,124,2012-11-23,11,"6970","Margret","EFLA",2010-03-21,2.68,"6754","Tarantino","EFLA",1999-04-23,13.6,NA,NA,5.87,NA,5.87,NA,NA,92,2013-03-31,3,4,0.57,0.13,0,0.01,NA,NA,NA,NA,1.58,"IJ","NP",NA,NA,NA,NA,NA,NA,2060,17.92
"EMON","7148","N","M","Carolina-A","N","1278",2013-04-11,4,NA,"CB","Duke Lemur Center",1,127,2012-12-05,12,"6972","Carolina","EMON",2010-04-03,2.68,"6717","Paco","EMON",1997-06-26,15.45,2013-04-14,0.01,NA,NA,0.01,NA,NA,50,2013-04-12,4,1,0.14,0.03,0,0,NA,NA,NA,2,1.76,"IJ","NP",NA,NA,NA,NA,NA,NA,47,0.1
"EFLA","7157","N","M","Hemsworth","N","206",2013-05-29,5,NA,"CB","Duke Lemur Center",1,124,2013-01-25,1,"6657","Foster","EFLA",1996-03-14,16.88,"6655","Hopkins","EFLA",1996-03-11,16.89,NA,NA,5.7,NA,5.7,NA,NA,110,2013-06-03,6,5,0.71,0.16,0,0.01,NA,NA,NA,NA,1.58,"IJ","NP",NA,NA,NA,NA,NA,NA,2440,53.06
"EFLA","7178","N","M","Bacon","N","207",2014-03-25,3,NA,"CB","Duke Lemur Center",1,124,2013-11-21,11,"6993","West","EFLA",2011-04-24,2.58,"6776","Quinn","EFLA",2001-03-09,12.71,2014-07-23,0.33,NA,NA,0.33,NA,NA,80,2014-03-25,3,0,0,0,0,0,NA,NA,NA,120,1.58,"IJ","NP",NA,NA,NA,NA,NA,NA,860,3.95
"EFLA","7180","N","F","Wiig","Y","208",2014-04-04,4,NA,"CB","Duke Lemur Center",1,124,2013-12-01,12,"6970","Margret","EFLA",2010-03-21,3.7,"6754","Tarantino","EFLA",1999-04-23,14.62,NA,NA,4.85,NA,4.85,4,NA,840,2014-07-27,7,114,16.29,3.75,3,0.31,NA,NA,NA,NA,1.58,"IJ","NP",NA,NA,NA,NA,NA,NA,2420,57.9
"EMON","7181","N","M","Oscar","Y","1282",2014-04-12,4,NA,"CB","Duke Lemur Center",1,127,2013-12-06,12,"6972","Carolina","EMON",2010-04-03,3.68,"7158","Duggan","EMON",2008-03-28,5.7,NA,NA,4.82,NA,4.82,NA,NA,63,2014-04-14,4,2,0.29,0.07,0,0.01,NA,NA,NA,NA,1.76,"IJ","NP",NA,NA,NA,NA,NA,NA,1440,57.63
"EMON","7182","N","M","Mico","Y","1283",2014-05-03,5,NA,"CB","Duke Lemur Center",1,127,2013-12-27,12,"6907","Maddie","EMON",2006-06-02,7.58,"6717","Paco","EMON",1997-06-26,16.52,NA,NA,4.77,NA,4.77,NA,NA,63,2014-05-03,5,0,0,0,0,0,NA,NA,NA,NA,1.76,"IJ","NP",NA,NA,NA,NA,NA,NA,1380,56.91
"EFLA","7206","N","F","Mirren","N","258",2015-03-23,3,NA,"CB","Duke Lemur Center",1,124,2014-11-19,11,"6993","West","EFLA",2011-04-24,3.58,"6776","Quinn","EFLA",2001-03-09,13.71,NA,NA,NA,1.69,1.69,NA,NA,86,2015-03-23,3,0,0,0,0,0,NA,NA,NA,NA,1.58,"IJ","NP",NA,NA,NA,NA,NA,NA,2280,19.04
"EFLA","7207","N","M","DiCaprio","N","259",2015-03-26,3,NA,"CB","Duke Lemur Center",1,124,2014-11-22,11,"6970","Margret","EFLA",2010-03-21,4.68,"6754","Tarantino","EFLA",1999-04-23,15.59,NA,NA,NA,1.68,1.68,NA,NA,1600,2015-12-20,12,269,38.43,8.84,8,0.74,NA,NA,NA,NA,1.58,"IJ","NP",NA,NA,NA,NA,NA,NA,1940,18.94
"EMON","7208","N","M","Ignacio","Y","1290",2015-04-11,4,NA,"CB","Duke Lemur Center",1,127,2014-12-05,12,"6907","Maddie","EMON",2006-06-02,8.52,"6717","Paco","EMON",1997-06-26,17.45,NA,NA,3.83,NA,3.83,NA,NA,66,2015-04-11,4,0,0,0,0,0,NA,NA,NA,NA,1.76,"IJ","NP",NA,NA,NA,NA,NA,NA,1620,45.53
"VRUB","7211","N","F","Celeste","N","1900",2015-05-13,5,NA,"CB","Duke Lemur Center",3,103,2015-01-30,1,"6995","Pandora","VRUB",2011-05-10,3.73,"6206","Comet","VRUB",1984-10-01,30.35,NA,NA,NA,3.59,3.59,NA,NA,106,2015-05-13,5,0,0,0,0,0,NA,NA,NA,NA,1.65,"IJ","NP",NA,NA,NA,NA,NA,NA,3730,15.42
"VRUB","7212","N","M","Arche","N","1901",2015-05-13,5,NA,"CB","Duke Lemur Center",3,103,2015-01-30,1,"6995","Pandora","VRUB",2011-05-10,3.73,"6206","Comet","VRUB",1984-10-01,30.35,NA,NA,NA,3.56,3.56,NA,NA,79,2015-05-13,5,0,0,0,0,0,NA,NA,NA,NA,1.65,"IJ","NP",NA,NA,NA,NA,NA,NA,3840,41.72
"VRUB","7213","N","M","Stephano","N","1902",2015-05-13,5,NA,"CB","Duke Lemur Center",3,103,2015-01-30,1,"6995","Pandora","VRUB",2011-05-10,3.73,"6206","Comet","VRUB",1984-10-01,30.35,2015-09-30,0.38,NA,NA,0.38,NA,NA,110,2015-05-13,5,0,0,0,0,0,NA,NA,NA,140,1.65,"IJ","NP",NA,NA,NA,NA,NA,NA,2120,4.08
"VRUB","7215","N","M","Bode","Y","1903",2015-05-27,5,NA,"CB","Duke Lemur Center",1,103,2015-02-13,2,"6633","Pyxis II","VRUB",1995-04-29,19.81,"6240","Borealis","VRUB",1988-04-30,26.81,NA,NA,3.7,NA,3.7,NA,NA,153,2015-05-27,5,0,0,0,0,0,NA,NA,NA,NA,1.65,"IJ","NP",NA,NA,NA,NA,NA,NA,4220,43.96
"EMON","7216","N","F","Carolina-B","N","1292",2015-06-02,6,NA,"CB","Duke Lemur Center",1,127,2015-01-26,1,"6972","Carolina","EMON",2010-04-03,4.82,"7158","Duggan","EMON",2008-03-28,6.84,2015-06-02,0,NA,NA,0,NA,NA,53,2015-06-02,6,0,0,0,0,0,NA,NA,NA,0,1.76,"IJ","NP",NA,NA,NA,NA,NA,NA,53,0
"EFLA","7237","N","F","Hendricks","N","269",2016-03-27,3,NA,"CB","Duke Lemur Center",1,124,2015-11-24,11,"6970","Margret","EFLA",2010-03-21,5.68,"6754","Tarantino","EFLA",1999-04-23,16.6,NA,NA,2.87,NA,2.87,NA,NA,850,2016-07-27,7,122,17.43,4.01,4,0.33,NA,NA,NA,NA,1.58,"IJ","NP",NA,NA,NA,NA,NA,NA,2120,19.1
"EFLA","7241","N","M","Lincoln","Y","270",2016-03-29,3,NA,"CB","Duke Lemur Center",1,124,2015-11-26,11,"6993","West","EFLA",2011-04-24,4.59,"6776","Quinn","EFLA",2001-03-09,14.73,NA,NA,2.86,NA,2.86,NA,NA,66,2016-03-29,3,0,0,0,0,0,NA,NA,NA,NA,1.58,"IJ","NP",NA,NA,NA,NA,NA,NA,2060,33.53
"EMON","7244","N","F","Bonita","Y","1298",2016-04-19,4,NA,"CB","Duke Lemur Center",1,127,2015-12-14,12,"6972","Carolina","EMON",2010-04-03,5.7,"7158","Duggan","EMON",2008-03-28,7.72,NA,NA,2.8,NA,2.8,NA,NA,60,2016-04-19,4,0,0,0,0,0,NA,NA,NA,NA,1.76,"IJ","NP",NA,NA,NA,NA,NA,NA,1880,33.37
"EFLA","7246","N","M","Murphy","Y","271",2016-05-02,5,NA,"CB","Duke Lemur Center",1,124,2015-12-30,12,"7180","Wiig","EFLA",2014-04-04,1.74,"7140","Hiddleston","EFLA",2013-03-24,2.77,NA,NA,2.77,NA,2.77,NA,NA,74,2016-05-02,5,0,0,0,0,0,NA,NA,NA,NA,1.58,"IJ","NP",NA,NA,NA,NA,NA,NA,2300,32.61
"VRUB","7250","N","F","Sally","Y","2009",2016-06-08,6,NA,"CB","Duke Lemur Center",2,103,2016-02-26,2,"6995","Pandora","VRUB",2011-05-10,4.8,"6206","Comet","VRUB",1984-10-01,31.42,NA,NA,2.67,NA,2.67,NA,NA,108,2016-06-08,6,0,0,0,0,0,NA,NA,NA,NA,1.65,"IJ","NP",NA,NA,NA,NA,NA,NA,4000,31.73
"VRUB","7251","N","M","Kalani","Y","2010",2016-06-08,6,NA,"CB","Duke Lemur Center",2,103,2016-02-26,2,"6995","Pandora","VRUB",2011-05-10,4.8,"6206","Comet","VRUB",1984-10-01,31.42,NA,NA,2.67,NA,2.67,NA,NA,114,2016-06-08,6,0,0,0,0,0,NA,NA,NA,NA,1.65,"IJ","NP",NA,NA,NA,NA,NA,NA,3920,31.4
"EFLA","7267","N","F","McKinnon","Y","279",2017-03-22,3,NA,"CB","Duke Lemur Center",1,124,2016-11-18,11,"7180","Wiig","EFLA",2014-04-04,2.63,"7140","Hiddleston","EFLA",2013-03-24,3.66,NA,NA,1.88,NA,1.88,NA,NA,86,2017-03-22,3,0,0,0,0,0,NA,NA,NA,NA,1.58,"IJ","NP",NA,NA,NA,NA,NA,NA,2160,21.76
"EFLA","7268","N","F","Poehler","Y","280",2017-03-23,3,NA,"CB","Duke Lemur Center",1,124,2016-11-19,11,"6993","West","EFLA",2011-04-24,5.58,"6776","Quinn","EFLA",2001-03-09,15.71,NA,NA,1.88,NA,1.88,NA,NA,74,2017-03-23,3,0,0,0,0,0,NA,NA,NA,NA,1.58,"IJ","NP",NA,NA,NA,NA,NA,NA,2320,22.06
"EMON","7269","N","M","Nacho","Y","1303",2017-04-04,4,NA,"CB","Duke Lemur Center",1,127,2016-11-28,11,"6972","Carolina","EMON",2010-04-03,6.66,"7158","Duggan","EMON",2008-03-28,8.68,NA,NA,1.84,NA,1.84,NA,NA,54,2017-04-05,4,1,0.14,0.03,0,0,NA,NA,NA,NA,1.76,"IJ","NP",NA,NA,NA,NA,NA,NA,1460,21.86
"EFLA","7274","N","F","Leigh","Y","285",2017-05-11,5,NA,"CB","Duke Lemur Center",1,124,2017-01-07,1,"6970","Margret","EFLA",2010-03-21,6.81,"6754","Tarantino","EFLA",1999-04-23,17.72,NA,NA,1.74,NA,1.74,NA,NA,77,2017-05-11,5,0,0,0,0,0,NA,NA,NA,NA,1.58,"IJ","NP",NA,NA,NA,NA,NA,NA,2120,20.32
"VRUB","7278","N","M","Buzz","Y","2019",2017-05-30,5,NA,"CB","Duke Lemur Center",1,103,2017-02-16,2,"6633","Pyxis II","VRUB",1995-04-29,21.82,"6240","Borealis","VRUB",1988-04-30,28.82,NA,NA,1.69,NA,1.69,NA,NA,137,2017-05-30,5,0,0,0,0,0,NA,NA,NA,NA,1.65,"IJ","NP",NA,NA,NA,NA,NA,NA,3400,19.82
"EFLA","7291","N","F","Gellar","Y","297",2018-03-14,3,NA,"CB","Duke Lemur Center",2,124,2017-11-10,11,"7180","Wiig","EFLA",2014-04-04,3.61,"7140","Hiddleston","EFLA",2013-03-24,4.64,NA,NA,0.9,NA,0.9,NA,NA,71,2018-03-14,3,0,0,0,0,0,NA,NA,NA,NA,1.58,"IJ","NP",NA,NA,NA,NA,NA,NA,1520,10.55
"EFLA","7292","N","M","Hamill","Y","295",2018-03-22,3,NA,"CB","Duke Lemur Center",1,124,2017-11-18,11,"6993","West","EFLA",2011-04-24,6.58,"6776","Quinn","EFLA",2001-03-09,16.71,NA,NA,0.88,NA,0.88,NA,NA,72,2018-03-22,3,0,0,0,0,0,NA,NA,NA,NA,1.58,"IJ","NP",NA,NA,NA,NA,NA,NA,1640,10.09
"EFLA","7294","N","F","Ranomasina","Y","299",2018-04-12,4,NA,"CB","Duke Lemur Center",1,124,2017-12-09,12,"7272","Velona","EFLA",2014-09-13,3.24,"7271","Mangamaso","EFLA",2012-09-15,5.24,NA,NA,0.82,NA,0.82,NA,NA,80,2018-04-12,4,0,0,0,0,0,NA,NA,NA,NA,1.58,"IJ","NP",NA,NA,NA,NA,NA,NA,1440,8.88
"VRUB","7297","N","F","Mae","Y",NA,2018-05-14,5,NA,"CB","Duke Lemur Center",3,103,2018-01-31,1,"6995","Pandora","VRUB",2011-05-10,6.73,"6206","Comet","VRUB",1984-10-01,33.36,NA,NA,0.73,NA,0.73,NA,NA,108,2018-05-14,5,0,0,0,0,0,NA,NA,NA,NA,1.65,"IJ","NP",NA,NA,NA,NA,NA,NA,2780,8.22
"VRUB","7298","N","F","Judith","Y",NA,2018-05-14,5,NA,"CB","Duke Lemur Center",3,103,2018-01-31,1,"6995","Pandora","VRUB",2011-05-10,6.73,"6206","Comet","VRUB",1984-10-01,33.36,NA,NA,0.73,NA,0.73,NA,NA,106,2018-05-14,5,0,0,0,0,0,NA,NA,NA,NA,1.65,"IJ","NP",NA,NA,NA,NA,NA,NA,2680,8.22
